{"large_fc_failure_rate": [0.008810886813297178, 0.04054363968276133, 0.05688393132517734, 0.07932407527579494], "large_icm_failure_rate": [0.010544, 0.051074, 0.071203, 0.100247], "small_icm_failure_rate": [0.008414, 0.040461, 0.056514, 0.079123], "error_mod": [0.5, 0.25, 0.3125, 0.25]}