{"large_fc_failure_rate": [0.04774176047741761, 0.2166186108543699, 0.2890510798412453, 0.3873320352473294], "large_icm_failure_rate": [0.049985, 0.224985, 0.300951, 0.399427], "small_icm_failure_rate": [0.047749, 0.216784, 0.289502, 0.387049], "error_mod": [0.5, 0.5, 0.375, 0.53125]}