{"large_fc_failure_rate": [0.02821924413815274, 0.1332921268287092, 0.1804654617479574, 0.24925257203153853], "large_icm_failure_rate": [0.03047, 0.142965, 0.194157, 0.264529], "small_icm_failure_rate": [0.028271, 0.133481, 0.180925, 0.249624], "error_mod": [0.5, 0.5, 0.443359375, 0.5]}