{"large_fc_failure_rate": [0.03896068663249045, 0.18147709179337773, 0.24262054648082257, 0.3286778154802599], "large_icm_failure_rate": [0.04088, 0.189498, 0.25461, 0.344313], "small_icm_failure_rate": [0.03871, 0.181158, 0.242875, 0.329121], "error_mod": [0.5, 0.4375, 0.5, 0.5]}