{"large_fc_failure_rate": [0.06036390521547918, 0.2673020580340023, 0.35412174524254986, 0.46311048157456564], "large_icm_failure_rate": [0.062226, 0.277231, 0.363845, 0.475664], "small_icm_failure_rate": [0.060834, 0.267621, 0.354171, 0.462912], "error_mod": [0.5, 0.4375, 0.572265625, 0.375]}