{"large_fc_failure_rate": [0.062052803119910516, 0.27627580259078344, 0.3654419733393392, 0.47723031098990176], "large_icm_failure_rate": [0.064692, 0.283365, 0.373714, 0.489084], "small_icm_failure_rate": [0.062155, 0.276253, 0.365001, 0.477118], "error_mod": [0.25, 0.625, 0.5625, 0.5]}