{"large_fc_failure_rate": [0.021803426582840565, 0.10337422591077294, 0.14196104188482755, 0.1945001889861779], "large_icm_failure_rate": [0.023849, 0.11309, 0.154358, 0.214038], "small_icm_failure_rate": [0.02145, 0.102956, 0.142206, 0.194543], "error_mod": [0.5, 0.5, 0.5, 0.375]}