{"large_fc_failure_rate": [0.07711038471815664, 0.33085553982840693, 0.43047411522931234, 0.551275379036371], "large_icm_failure_rate": [0.079609, 0.337603, 0.440154, 0.563884], "small_icm_failure_rate": [0.077542, 0.331181, 0.430462, 0.551559], "error_mod": [0.5, 0.515625, 0.5, 0.3125]}