{"large_fc_failure_rate": [0.06878369065773005, 0.30103343838251545, 0.39322625316688026, 0.5096060931242966], "large_icm_failure_rate": [0.070913, 0.309308, 0.402717, 0.519689], "small_icm_failure_rate": [0.069131, 0.301011, 0.392999, 0.509965], "error_mod": [0.5, 0.5, 0.375, 0.5]}