{"large_fc_failure_rate": [0.03041971776368862, 0.14344380145414729, 0.19304819064685522, 0.26525408661639666], "large_icm_failure_rate": [0.032537, 0.152293, 0.206235, 0.28241], "small_icm_failure_rate": [0.030591, 0.143228, 0.193394, 0.265575], "error_mod": [0.5, 0.5, 0.375, 0.4375]}