{"large_fc_failure_rate": [0.04985015516952107, 0.22398979557447382, 0.3000914394340033, 0.4016670053185807], "large_icm_failure_rate": [0.052106, 0.234547, 0.311444, 0.413602], "small_icm_failure_rate": [0.049652, 0.224223, 0.300195, 0.401464], "error_mod": [0.5, 0.3125, 0.375, 0.5]}