{"large_fc_failure_rate": [0.010560358455965382, 0.05112598470144994, 0.07090715858974293, 0.099650770963091], "large_icm_failure_rate": [0.012789, 0.062182, 0.085636, 0.120326], "small_icm_failure_rate": [0.010376, 0.051598, 0.070919, 0.100074], "error_mod": [0.25, 0.25, 0.25, 0.25]}