{"large_fc_failure_rate": [0.08150531628478891, 0.3458596359415353, 0.4479014246413631, 0.5715820692948613], "large_icm_failure_rate": [0.083478, 0.35296, 0.457358, 0.580168], "small_icm_failure_rate": [0.08101, 0.346248, 0.447668, 0.571582], "error_mod": [0.5, 0.53125, 0.4375, 0.5]}