{"large_fc_failure_rate": [0.05201378354212922, 0.23389177101602135, 0.31188521711828204, 0.41417181140004483], "large_icm_failure_rate": [0.053622, 0.242675, 0.32143, 0.427282], "small_icm_failure_rate": [0.051975, 0.233539, 0.312052, 0.41449], "error_mod": [0.5, 0.390625, 0.5, 0.5]}