{"large_fc_failure_rate": [0.07941642739600517, 0.3382963613329977, 0.4399822463903063, 0.5619964081920046], "large_icm_failure_rate": [0.080935, 0.345277, 0.447317, 0.571336], "small_icm_failure_rate": [0.079393, 0.338407, 0.440313, 0.562335], "error_mod": [0.5, 0.5, 0.625, 0.533203125]}