{"large_fc_failure_rate": [0.006541042227490056, 0.029892456028819667, 0.041174148229804905, 0.05856263370523533], "large_icm_failure_rate": [0.008035, 0.040486, 0.056517, 0.080173], "small_icm_failure_rate": [0.006144, 0.029809, 0.040956, 0.058312], "error_mod": [0.5, 0.25, 0.1875, 0.203125]}