{"large_fc_failure_rate": [0.015198869201720307, 0.07285832841300849, 0.10038502603254171, 0.13992529522791428], "large_icm_failure_rate": [0.017328, 0.08297, 0.115379, 0.158833], "small_icm_failure_rate": [0.014921, 0.072671, 0.100035, 0.140277], "error_mod": [0.5, 0.5, 0.375, 0.375]}