{"large_fc_failure_rate": [0.06685818463068338, 0.29233812375412904, 0.3846681510236683, 0.4986526401985319], "large_icm_failure_rate": [0.069022, 0.300522, 0.392375, 0.51038], "small_icm_failure_rate": [0.066791, 0.292038, 0.384286, 0.498706], "error_mod": [0.4375, 0.5, 0.625, 0.375]}