{"large_fc_failure_rate": [0.07290486293608506, 0.31531828103195336, 0.4126092875260159, 0.5331294394141285], "large_icm_failure_rate": [0.074918, 0.32336, 0.421457, 0.541954], "small_icm_failure_rate": [0.072569, 0.315399, 0.412974, 0.533204], "error_mod": [0.5, 0.4375, 0.625, 0.625]}