{"large_fc_failure_rate": [0.03717744034096903, 0.1713543526368937, 0.23051440443957033, 0.31373142678147325], "large_icm_failure_rate": [0.039166, 0.18119, 0.242825, 0.328073], "small_icm_failure_rate": [0.036802, 0.171759, 0.230959, 0.313697], "error_mod": [0.5, 0.46875, 0.5, 0.5]}