{"large_fc_failure_rate": [0.03497723877335525, 0.16137260111590263, 0.21764021937090353, 0.2982261094805536], "large_icm_failure_rate": [0.037145, 0.170756, 0.232392, 0.312896], "small_icm_failure_rate": [0.034701, 0.161228, 0.217952, 0.298411], "error_mod": [0.5, 0.375, 0.25, 0.53125]}