{"large_fc_failure_rate": [0.06405607078565, 0.2839387705674422, 0.3743082938638255, 0.48786923750838673], "large_icm_failure_rate": [0.066863, 0.292499, 0.383444, 0.498915], "small_icm_failure_rate": [0.064314, 0.283825, 0.374063, 0.488036], "error_mod": [0.5, 0.34375, 0.5, 0.5]}