{"large_fc_failure_rate": [0.04578202632303276, 0.20813717245993407, 0.2780829282336346, 0.37221083455344073], "large_icm_failure_rate": [0.047691, 0.215668, 0.2894, 0.38647], "small_icm_failure_rate": [0.045505, 0.208184, 0.278052, 0.372059], "error_mod": [0.5, 0.5, 0.4375, 0.4375]}