{"large_fc_failure_rate": [0.012840910917184964, 0.061712233372276326, 0.08620925541315246, 0.12004200048125552], "large_icm_failure_rate": [0.014826, 0.072365, 0.100323, 0.138972], "small_icm_failure_rate": [0.012886, 0.06202, 0.085713, 0.120205], "error_mod": [0.5, 0.3125, 0.3125, 0.328125]}