{"large_fc_failure_rate": [0.026335246736599312, 0.12351786343053202, 0.1676147446072047, 0.2298354236232714], "large_icm_failure_rate": [0.028258, 0.132955, 0.181443, 0.248509], "small_icm_failure_rate": [0.026018, 0.123087, 0.167788, 0.230164], "error_mod": [0.5, 0.5, 0.4375, 0.390625]}