{"large_fc_failure_rate": [0.04277807860814774, 0.1998105566585959, 0.2668470814487108, 0.3594946328887508], "large_icm_failure_rate": [0.045862, 0.207741, 0.278187, 0.37183], "small_icm_failure_rate": [0.043131, 0.19978, 0.267117, 0.359606], "error_mod": [0.5, 0.5, 0.4375, 0.625]}