{"large_fc_failure_rate": [0.07517796901339967, 0.3225674516383997, 0.42157176910338495, 0.5410181660231257], "large_icm_failure_rate": [0.077568, 0.330063, 0.429717, 0.551899], "small_icm_failure_rate": [0.075248, 0.322318, 0.42156, 0.540857], "error_mod": [0.5, 0.4375, 0.5625, 0.375]}