{"large_fc_failure_rate": [0.0560072013277448, 0.25018169403236046, 0.33219033502374595, 0.4390282410263381], "large_icm_failure_rate": [0.058391, 0.258805, 0.343547, 0.452357], "small_icm_failure_rate": [0.055654, 0.250548, 0.332581, 0.439153], "error_mod": [0.5, 0.375, 0.46875, 0.4375]}