{"large_fc_failure_rate": [0.04104981772044575, 0.19030044096352475, 0.25424401487724624, 0.3421430383460193], "large_icm_failure_rate": [0.043206, 0.198387, 0.26757, 0.357636], "small_icm_failure_rate": [0.041411, 0.189807, 0.254242, 0.341747], "error_mod": [0.5, 0.5625, 0.375, 0.375]}