{"large_fc_failure_rate": [0.019367042575548443, 0.09252172209193389, 0.12828698170498856, 0.17845335332212453], "large_icm_failure_rate": [0.02169, 0.104047, 0.141936, 0.195588], "small_icm_failure_rate": [0.019641, 0.092767, 0.12814, 0.17824], "error_mod": [0.5, 0.25, 0.4375, 0.5]}