{"large_fc_failure_rate": [0.07082106870535759, 0.3085566313663069, 0.40228654968951466, 0.5223331691830555], "large_icm_failure_rate": [0.073157, 0.315652, 0.411692, 0.532102], "small_icm_failure_rate": [0.071185, 0.308129, 0.402307, 0.521866], "error_mod": [0.5, 0.4375, 0.375, 0.53125]}