{"large_fc_failure_rate": [0.02381275256977028, 0.11309696803481009, 0.1550099301122521, 0.21421407798396602], "large_icm_failure_rate": [0.026153, 0.123184, 0.167481, 0.23133], "small_icm_failure_rate": [0.023901, 0.113526, 0.155273, 0.214404], "error_mod": [0.5, 0.5, 0.5, 0.5]}