{"large_fc_failure_rate": [0.032658740324387314, 0.15121765282357907, 0.20735696848783752, 0.2831155991956711], "large_icm_failure_rate": [0.034666, 0.161676, 0.21966, 0.297107], "small_icm_failure_rate": [0.032668, 0.151509, 0.207342, 0.282736], "error_mod": [0.5, 0.375, 0.5, 0.625]}