{"large_fc_failure_rate": [0.017300064699428956, 0.08262911181774445, 0.11476653626303392, 0.1598197380568639], "large_icm_failure_rate": [0.019374, 0.092699, 0.12739, 0.178605], "small_icm_failure_rate": [0.017291, 0.083011, 0.114605, 0.15934], "error_mod": [0.5, 0.375, 0.4375, 0.375]}