{"large_fc_failure_rate": [0.05336233307325949, 0.24307252066602053, 0.3233436466005461, 0.42792079373858244], "large_icm_failure_rate": [0.056135, 0.251862, 0.333509, 0.439516], "small_icm_failure_rate": [0.053812, 0.243296, 0.322892, 0.427645], "error_mod": [0.25, 0.5, 0.5, 0.53125]}