{"large_fc_failure_rate": [0.058319127327667, 0.2592432777323895, 0.34333087929323647, 0.4521820872248026], "large_icm_failure_rate": [0.060525, 0.267874, 0.354305, 0.463696], "small_icm_failure_rate": [0.058424, 0.259137, 0.343617, 0.451808], "error_mod": [0.5, 0.4375, 0.484375, 0.5625]}