{"large_fc_failure_rate": [0.22928559186848246, 0.23006106526432915, 0.23191844742563233, 0.2411522633744856, 0.22369500224885572, 0.21912832929782083, 0.23522643655093986, 0.2480763270311426, 0.21581151832460732, 0.23794940978077572], "large_icm_failure_rate": [0.23466, 0.22871, 0.26164, 0.21964, 0.24892, 0.24448, 0.2563, 0.25657, 0.24814, 0.26685], "small_icm_failure_rate": [0.22698, 0.23283, 0.23015, 0.24567, 0.22858, 0.221, 0.23789, 0.24466, 0.21629, 0.23671], "error_mod": [0.825, 0.825, 0.60625, 0.9999999999996817, 0.65, 0.60625, 0.7375, 0.7375, 0.5625, 0.65], "averages": {"large_fc_failure_rate": 0.23123043911670713, "large_icm_failure_rate": 0.24659099999999995, "small_icm_failure_rate": 0.232076, "error_mod": 0.7199999999999682}}