{"large_fc_failure_rate": [0.29344208712188746, 0.2982602461115257, 0.2955027077937368, 0.3170906212418748, 0.28426528335241186, 0.26457361874057367, 0.29318227855427265, 0.26543811339405493, 0.3093397673621971, 0.27199257895402607], "large_icm_failure_rate": [0.30805, 0.31392, 0.31851, 0.3034, 0.28044, 0.2937, 0.29913, 0.31552, 0.29755, 0.29266], "small_icm_failure_rate": [0.29603, 0.30129, 0.29767, 0.31228, 0.28477, 0.2624, 0.28844, 0.26504, 0.30584, 0.26854], "error_mod": [0.825, 0.7375, 0.7375, 0.9125, 0.825, 0.65, 0.825, 0.5625, 0.9125, 0.7375], "averages": {"large_fc_failure_rate": 0.2893087302626561, "large_icm_failure_rate": 0.302288, "small_icm_failure_rate": 0.28823, "error_mod": 0.7724999999999999}}