{"large_fc_failure_rate": [0.22669430754387337, 0.24702561000201653, 0.25519749803673036, 0.2413314653662742, 0.2126571819566733, 0.21015794199989435, 0.2364939807926417, 0.2332293083673415, 0.25204359673024523, 0.25137281347628027], "large_icm_failure_rate": [0.27205, 0.26011, 0.25654, 0.23935, 0.28059, 0.28025, 0.25937, 0.24162, 0.26334, 0.24856], "small_icm_failure_rate": [0.23051, 0.24355, 0.25945, 0.24034, 0.21189, 0.21504, 0.23543, 0.23558, 0.25348, 0.25193], "error_mod": [0.5625, 0.7375, 0.9125, 0.9125, 0.34375, 0.38749999999999996, 0.7375, 0.825, 0.825, 0.9125], "averages": {"large_fc_failure_rate": 0.2366203704271971, "large_icm_failure_rate": 0.26017799999999996, "small_icm_failure_rate": 0.23772000000000001, "error_mod": 0.715625}}