{"large_fc_failure_rate": [0.16145952109464082, 0.14821323960164032, 0.13656803355079217, 0.13063502819667613, 0.14545811397432346, 0.12784087606514688, 0.14201813395729745, 0.15750387285219303, 0.1537647953605552, 0.15772776959269996], "large_icm_failure_rate": [0.18068, 0.1725, 0.15646, 0.16307, 0.18517, 0.15968, 0.16377, 0.17289, 0.15493, 0.17491], "small_icm_failure_rate": [0.16362, 0.14593, 0.13688, 0.13532, 0.14828, 0.12964, 0.14274, 0.15747, 0.15127, 0.1558], "error_mod": [0.65, 0.65, 0.65, 0.475, 0.38749999999999996, 0.5625, 0.51875, 0.65, 0.825, 0.65], "averages": {"large_fc_failure_rate": 0.14611893842459653, "large_icm_failure_rate": 0.16840599999999997, "small_icm_failure_rate": 0.146695, "error_mod": 0.601875}}