{"large_fc_failure_rate": [0.26980287485750826, 0.2900934632863635, 0.2703560546213746, 0.2690780646751184, 0.29097413938813455, 0.27640232918604163, 0.27328946108275987, 0.29064327485380115, 0.28726860060997234, 0.28625452153896747], "large_icm_failure_rate": [0.30537, 0.29971, 0.28331, 0.32069, 0.30621, 0.31784, 0.31438, 0.29263, 0.29426, 0.30305], "small_icm_failure_rate": [0.27367, 0.28763, 0.27145, 0.27136, 0.2877, 0.27775, 0.26959, 0.28686, 0.2858, 0.28824], "error_mod": [0.5625, 0.7375, 0.7375, 0.51875, 0.7375, 0.5625, 0.5625, 0.825, 0.78125, 0.78125], "averages": {"large_fc_failure_rate": 0.2804162784100042, "large_icm_failure_rate": 0.303745, "small_icm_failure_rate": 0.280005, "error_mod": 0.680625}}