{"large_fc_failure_rate": [0.0, 0.18684112613171278, 0.1831330386850077, 0.18577245804540968, 0.18046866184380447, 0.18403937423097205, 0.1937649818284919, 0.1842426909162022, 0.18638529272368978, 0.18780363078496548], "large_icm_failure_rate": [0.0, 0.19075, 0.22648, 0.22879, 0.21904, 0.21452, 0.21952, 0.21419, 0.20349, 0.22355], "small_icm_failure_rate": [0.0, 0.18569, 0.17861, 0.1813, 0.18442, 0.18482, 0.18962, 0.18619, 0.18676, 0.1911], "error_mod": [0.0, 0.825, 0.475, 0.475, 0.5625, 0.5625, 0.65, 0.5625, 0.65, 0.5625], "averages": {"large_fc_failure_rate": 0.16724512551902562, "large_icm_failure_rate": 0.19403299999999998, "small_icm_failure_rate": 0.166851, "error_mod": 0.5325}}