{"large_fc_failure_rate": [0.1444109399382839, 0.15909583564151353, 0.13972162107827485, 0.1460735793929998, 0.12382406483058313, 0.12982419759913366, 0.15322448020674262, 0.13778655031511877, 0.12869092478738173, 0.15612497733728167], "large_icm_failure_rate": [0.17952, 0.16659, 0.149, 0.14016, 0.1593, 0.14446, 0.16643, 0.16968, 0.16204, 0.15491], "small_icm_failure_rate": [0.14749, 0.15575, 0.14405, 0.14229, 0.12773, 0.12643, 0.15004, 0.1412, 0.12862, 0.15544], "error_mod": [0.475, 0.7375, 0.65, 0.825, 0.475, 0.65, 0.65, 0.475, 0.475, 0.825], "averages": {"large_fc_failure_rate": 0.14187771711273137, "large_icm_failure_rate": 0.159209, "small_icm_failure_rate": 0.141904, "error_mod": 0.62375}}