{"large_fc_failure_rate": [0.27423635107118177, 0.25711631972900617, 0.24889793607355182, 0.23950421444607256, 0.28140977767564773, 0.27380239947564905, 0.2598175272747259, 0.24125346763985026, 0.2700401427916603, 0.2525110762541622], "large_icm_failure_rate": [0.26257, 0.28567, 0.26399, 0.28064, 0.26353, 0.28091, 0.28584, 0.27897, 0.28984, 0.30625], "small_icm_failure_rate": [0.271, 0.25756, 0.25338, 0.23673, 0.27895, 0.27866, 0.25745, 0.24448, 0.26639, 0.24949], "error_mod": [0.9125, 0.60625, 0.7375, 0.5625, 0.9125, 0.825, 0.65, 0.5625, 0.6937500000000001, 0.475], "averages": {"large_fc_failure_rate": 0.25985892124315074, "large_icm_failure_rate": 0.279821, "small_icm_failure_rate": 0.25940899999999995, "error_mod": 0.6937499999999999}}