{"large_fc_failure_rate": [0.19603728164928091, 0.19362810325818347, 0.1783342539740993, 0.1820361235581328, 0.19045221069594118, 0.20740939665976113, 0.17949163050216987, 0.21912287424516708, 0.18420696693594993, 0.20047696172828486], "large_icm_failure_rate": [0.21372, 0.22738, 0.19888, 0.19345, 0.20184, 0.23047, 0.21256, 0.21202, 0.2248, 0.21148], "small_icm_failure_rate": [0.19451, 0.1917, 0.17851, 0.18356, 0.19395, 0.21081, 0.17779, 0.2145, 0.18633, 0.19926], "error_mod": [0.65, 0.5625, 0.65, 0.7375, 0.7375, 0.65, 0.5625, 0.825, 0.475, 0.7375], "averages": {"large_fc_failure_rate": 0.19311958032069704, "large_icm_failure_rate": 0.21266, "small_icm_failure_rate": 0.193092, "error_mod": 0.65875}}