{"large_fc_failure_rate": [0.17922212490902587, 0.1721830550401979, 0.15403411211016022, 0.13677465786021892, 0.15980080398392033, 0.1472396299612056, 0.16848356461095376, 0.1640932449183445, 0.16107004748152137, 0.15464004737331866], "large_icm_failure_rate": [0.17634, 0.17373, 0.17611, 0.16503, 0.16634, 0.17303, 0.18393, 0.16401, 0.17101, 0.18207], "small_icm_failure_rate": [0.17856, 0.16957, 0.1513, 0.1415, 0.15933, 0.14285, 0.16691, 0.16645, 0.15997, 0.15416], "error_mod": [0.825, 0.825, 0.65, 0.475, 0.7375, 0.5625, 0.5625, 0.825, 0.825, 0.5625], "averages": {"large_fc_failure_rate": 0.1597541288248867, "large_icm_failure_rate": 0.17315999999999998, "small_icm_failure_rate": 0.15906, "error_mod": 0.685}}