{"large_fc_failure_rate": [0.20991421648876957, 0.20622493304801323, 0.21572326225818622, 0.21090211810417692, 0.2088162911390791, 0.21896430045673046, 0.2007060455147198, 0.21743556280587276, 0.21728137824137012, 0.20073011870994853], "large_icm_failure_rate": [0.21534, 0.22532, 0.22845, 0.24071, 0.2305, 0.23513, 0.22163, 0.24262, 0.24081, 0.24222], "small_icm_failure_rate": [0.21469, 0.20907, 0.21712, 0.2086, 0.20802, 0.21654, 0.1979, 0.22045, 0.21937, 0.20522], "error_mod": [0.825, 0.65, 0.7375, 0.5625, 0.60625, 0.825, 0.65, 0.65, 0.65, 0.5625], "averages": {"large_fc_failure_rate": 0.21066982267668669, "large_icm_failure_rate": 0.23227300000000003, "small_icm_failure_rate": 0.21169800000000003, "error_mod": 0.6718750000000001}}