{"large_fc_failure_rate": [0.2154253633932758, 0.22867174561112952, 0.22669628806812922, 0.24077485848552815, 0.23389221395084914, 0.23985165205664194, 0.21980090401770921, 0.239172549227748, 0.24029678799681817, 0.23828584565038066], "large_icm_failure_rate": [0.23045, 0.25706, 0.22935, 0.25874, 0.24234, 0.24601, 0.24599, 0.23904, 0.2602, 0.22246], "small_icm_failure_rate": [0.21809, 0.22745, 0.22726, 0.2422, 0.23288, 0.23756, 0.22077, 0.24356, 0.24161, 0.24215], "error_mod": [0.7375, 0.65, 0.825, 0.65, 0.825, 0.825, 0.65, 0.825, 0.7375, 0.95625], "averages": {"large_fc_failure_rate": 0.232286820845821, "large_icm_failure_rate": 0.243164, "small_icm_failure_rate": 0.233353, "error_mod": 0.7681250000000001}}