{"large_fc_failure_rate": [0.1431980906921241, 0.14662850628221266, 0.13488874436753845, 0.15850473588561662, 0.1412830499044486, 0.15958179874064393, 0.16058691916881962, 0.13476001640913443, 0.13751184450761514, 0.13339225656860157], "large_icm_failure_rate": [0.18316, 0.1609, 0.15312, 0.17061, 0.18545, 0.15432, 0.15953, 0.163, 0.1626, 0.16364], "small_icm_failure_rate": [0.14677, 0.14369, 0.13521, 0.16016, 0.14625, 0.15925, 0.16425, 0.13147, 0.13583, 0.13802], "error_mod": [0.38749999999999996, 0.65, 0.5625, 0.65, 0.475, 0.825, 0.978125, 0.475, 0.475, 0.475], "averages": {"large_fc_failure_rate": 0.1450335962526755, "large_icm_failure_rate": 0.165633, "small_icm_failure_rate": 0.14609, "error_mod": 0.5953124999999999}}