{"large_fc_failure_rate": [0.0, 0.1905561753387568, 0.18115808484759133, 0.18279071563743096, 0.1552819605743943, 0.1883828121128017, 0.1766201712725777, 0.19182593941813464, 0.1808629851429673, 0.15728600805924375], "large_icm_failure_rate": [0.0, 0.18364, 0.17731, 0.18159, 0.18545, 0.18632, 0.1884, 0.18792, 0.18769, 0.19039], "small_icm_failure_rate": [0.0, 0.18951, 0.18013, 0.18704, 0.15932, 0.19112, 0.17472, 0.18709, 0.18123, 0.15877], "error_mod": [0.0, 0.9125, 0.9125, 0.9125, 0.475, 0.978125, 0.825, 0.825, 0.7375, 0.475], "averages": {"large_fc_failure_rate": 0.16047648524038985, "large_icm_failure_rate": 0.16687100000000002, "small_icm_failure_rate": 0.160893, "error_mod": 0.7053124999999999}}