{"large_fc_failure_rate": [0.27791180430879714, 0.264153242182212, 0.2789697785051525, 0.2649509350120348, 0.2685438386600581, 0.27122926199365577, 0.24239519096232576, 0.27375779061124134, 0.265826562309247, 0.2728012215832061], "large_icm_failure_rate": [0.29611, 0.29999, 0.29833, 0.31163, 0.28346, 0.26163, 0.28876, 0.26261, 0.30661, 0.26923], "small_icm_failure_rate": [0.27629, 0.26616, 0.27476, 0.26718, 0.27235, 0.2762, 0.24569, 0.27857, 0.26237, 0.27459], "error_mod": [0.7375, 0.5625, 0.65, 0.5625, 0.7375, 0.9125, 0.475, 0.99453125, 0.5625, 0.9125], "averages": {"large_fc_failure_rate": 0.268053962612793, "large_icm_failure_rate": 0.287836, "small_icm_failure_rate": 0.269416, "error_mod": 0.710703125}}