{"large_fc_failure_rate": [0.17645650036554314, 0.17728096970877094, 0.18024288918027964, 0.16101509782028253, 0.16321866730815493, 0.17648718609301584, 0.1848616465765458, 0.166280318188473, 0.16741359573276177, 0.1871883914175865], "large_icm_failure_rate": [0.19578, 0.19371, 0.1764, 0.18161, 0.19365, 0.20681, 0.17871, 0.21256, 0.18501, 0.19884], "small_icm_failure_rate": [0.17724, 0.17547, 0.17556, 0.16364, 0.16669, 0.17465, 0.18596, 0.16523, 0.17166, 0.18387], "error_mod": [0.65, 0.65, 0.825, 0.65, 0.475, 0.51875, 0.7375, 0.475, 0.65, 0.7375], "averages": {"large_fc_failure_rate": 0.1740445262391414, "large_icm_failure_rate": 0.19230799999999998, "small_icm_failure_rate": 0.173997, "error_mod": 0.6368750000000001}}