{"large_fc_failure_rate": [0.22801822020955897, 0.2529751000746319, 0.22558704872245786, 0.25787164602338086, 0.2404781116231999, 0.24402245662697195, 0.24679970633384501, 0.24269980671189695, 0.26011028128708036, 0.22630911157516323], "large_icm_failure_rate": [0.27583, 0.26502, 0.27691, 0.26953, 0.26892, 0.27789, 0.24309, 0.27841, 0.2627, 0.27766], "small_icm_failure_rate": [0.22704, 0.25427, 0.22984, 0.25687, 0.24093, 0.24434, 0.24957, 0.24297, 0.25601, 0.22295], "error_mod": [0.51875, 0.7375, 0.475, 0.6937500000000001, 0.65, 0.60625, 0.825, 0.5625, 0.825, 0.475], "averages": {"large_fc_failure_rate": 0.24248714891881867, "large_icm_failure_rate": 0.269596, "small_icm_failure_rate": 0.24247899999999997, "error_mod": 0.636875}}