{"large_fc_failure_rate": [0.22622756852691778, 0.21908118085944056, 0.22037774535704427, 0.24557975439310673, 0.22672090837699704, 0.2184249238205317, 0.22553232251354755, 0.23028527897446674, 0.22438948474198192, 0.2462184414234525], "large_icm_failure_rate": [0.22735, 0.24587, 0.25932, 0.23834, 0.21323, 0.2173, 0.23292, 0.23678, 0.25003, 0.25342], "small_icm_failure_rate": [0.22645, 0.21964, 0.22396, 0.24726, 0.22974, 0.21825, 0.22754, 0.23252, 0.22761, 0.2487], "error_mod": [0.825, 0.65, 0.5625, 0.825, 0.978125, 0.8687499999999999, 0.825, 0.7375, 0.65, 0.825], "averages": {"large_fc_failure_rate": 0.2282837608987487, "large_icm_failure_rate": 0.23745599999999997, "small_icm_failure_rate": 0.23016699999999995, "error_mod": 0.7746875}}