{"large_fc_failure_rate": [0.1985083776052309, 0.19292308080871862, 0.22136871508379888, 0.23314509928683158, 0.22004948924560624, 0.21140844708362252, 0.2186181053185195, 0.2114099257933793, 0.20277727867758413, 0.21891121192482177], "large_icm_failure_rate": [0.22712, 0.216, 0.22386, 0.24388, 0.22896, 0.21996, 0.23169, 0.23079, 0.23025, 0.24715], "small_icm_failure_rate": [0.20231, 0.19305, 0.22545, 0.22854, 0.21578, 0.21597, 0.22081, 0.21555, 0.20503, 0.22126], "error_mod": [0.65, 0.65, 0.825, 0.7375, 0.7375, 0.7375, 0.78125, 0.65, 0.65, 0.65], "averages": {"large_fc_failure_rate": 0.21291197308281135, "large_icm_failure_rate": 0.22996599999999998, "small_icm_failure_rate": 0.21437499999999998, "error_mod": 0.706875}}