{"large_fc_failure_rate": [0.31320482275647965, 0.3142771445710858, 0.31131741957300296, 0.30518676129822053, 0.28116313254064124, 0.29184070896364867, 0.29241486068111455, 0.3230994370361521, 0.3002630269424895, 0.29595710153108024], "large_icm_failure_rate": [0.32615, 0.30461, 0.28056, 0.30463, 0.33308, 0.33646, 0.31408, 0.33116, 0.3421, 0.33293], "small_icm_failure_rate": [0.30978, 0.31383, 0.31536, 0.30234, 0.28293, 0.29252, 0.29582, 0.31923, 0.29942, 0.2926], "error_mod": [0.7375, 0.8687499999999999, 0.99453125, 0.9125, 0.5625, 0.5625, 0.65, 0.78125, 0.51875, 0.65], "averages": {"large_fc_failure_rate": 0.30287244158939153, "large_icm_failure_rate": 0.320576, "small_icm_failure_rate": 0.302383, "error_mod": 0.723828125}}