{"large_fc_failure_rate": [0.15680714607343224, 0.20087108662472547, 0.17498537013557008, 0.16952713244959888, 0.16471677878521984, 0.19182835820895522, 0.18184416552752578, 0.1586096012862508, 0.1666387599866048, 0.18416128954880184], "large_icm_failure_rate": [0.19006, 0.18017, 0.19258, 0.18728, 0.22013, 0.19905, 0.20363, 0.18433, 0.17349, 0.18759], "small_icm_failure_rate": [0.15737, 0.19659, 0.17812, 0.17309, 0.16474, 0.18868, 0.18589, 0.16004, 0.16649, 0.18081], "error_mod": [0.51875, 0.9125, 0.65, 0.65, 0.38749999999999996, 0.7375, 0.65, 0.5625, 0.825, 0.825], "averages": {"large_fc_failure_rate": 0.1749989688626685, "large_icm_failure_rate": 0.19183099999999997, "small_icm_failure_rate": 0.175182, "error_mod": 0.671875}}