{"large_fc_failure_rate": [0.2901884230181633, 0.2956722875051758, 0.3116343075956562, 0.3067034246878271, 0.3032751642030038, 0.2958850987432675, 0.2943709717311917, 0.2997298553418928, 0.29572814694136473, 0.3151513337125408], "large_icm_failure_rate": [0.31617, 0.34019, 0.30338, 0.31995, 0.31431, 0.31413, 0.3234, 0.31883, 0.32836, 0.34252], "small_icm_failure_rate": [0.2948, 0.29204, 0.31215, 0.30394, 0.30773, 0.29104, 0.29822, 0.30153, 0.29587, 0.31714], "error_mod": [0.65, 0.5625, 0.8687499999999999, 0.6937500000000001, 0.825, 0.7375, 0.65, 0.7156250000000001, 0.60625, 0.7375], "averages": {"large_fc_failure_rate": 0.3008339013480084, "large_icm_failure_rate": 0.32212399999999997, "small_icm_failure_rate": 0.301446, "error_mod": 0.7046875}}