{"large_fc_failure_rate": [0.2176540621683878, 0.22695750507513932, 0.19168631129432384, 0.19436891500745548, 0.19869425808362415, 0.23147755015391147, 0.21255332902391727, 0.20991754613184924, 0.2275210413508286, 0.2165517063215273], "large_icm_failure_rate": [0.22842, 0.23479, 0.22658, 0.24798, 0.23153, 0.22063, 0.23829, 0.24736, 0.21557, 0.23576], "small_icm_failure_rate": [0.21372, 0.2291, 0.19628, 0.19435, 0.2028, 0.23409, 0.21018, 0.21337, 0.22334, 0.21267], "error_mod": [0.7375, 0.825, 0.475, 0.43124999999999997, 0.5625, 0.95625, 0.65, 0.5625, 0.9125, 0.65], "averages": {"large_fc_failure_rate": 0.21273822246109644, "large_icm_failure_rate": 0.23269099999999998, "small_icm_failure_rate": 0.21299, "error_mod": 0.67625}}