{"large_fc_failure_rate": [0.19216848477205373, 0.1818533928058273, 0.19536120511972316, 0.18506342188464397, 0.2188137454887808, 0.19832856941435842, 0.20110724534626812, 0.1818543622909023, 0.1771578328598021, 0.18977470757117962], "large_icm_failure_rate": [0.21508, 0.20943, 0.21451, 0.20482, 0.20895, 0.2166, 0.19848, 0.2225, 0.21771, 0.20839], "small_icm_failure_rate": [0.18847, 0.17827, 0.19046, 0.18733, 0.22095, 0.1976, 0.20398, 0.18473, 0.17466, 0.18778], "error_mod": [0.65, 0.65, 0.65, 0.65, 0.95625, 0.6937500000000001, 0.825, 0.5625, 0.475, 0.7375], "averages": {"large_fc_failure_rate": 0.19214829675535394, "large_icm_failure_rate": 0.211647, "small_icm_failure_rate": 0.191423, "error_mod": 0.6849999999999999}}