{"large_fc_failure_rate": [0.234589356715907, 0.22738903970800264, 0.2567897058616267, 0.22012819042522014, 0.25384433404305656, 0.2479117152427414, 0.2522976497739905, 0.2608931142120042, 0.24632009424892007, 0.26348541928282404], "large_icm_failure_rate": [0.26349, 0.26376, 0.26596, 0.2688, 0.24158, 0.25536, 0.25161, 0.26715, 0.27456, 0.27161], "small_icm_failure_rate": [0.23587, 0.23133, 0.26153, 0.2189, 0.25015, 0.24709, 0.25443, 0.25733, 0.24737, 0.26578], "error_mod": [0.60625, 0.5625, 0.825, 0.475, 0.9125, 0.78125, 0.8687499999999999, 0.825, 0.60625, 0.7375], "averages": {"large_fc_failure_rate": 0.24636486195142931, "large_icm_failure_rate": 0.26238799999999995, "small_icm_failure_rate": 0.24697799999999998, "error_mod": 0.72}}