{"large_fc_failure_rate": [0.27028457028457026, 0.2606334213085151, 0.2723071504050722, 0.2688642063776424, 0.23913727313757402, 0.2612340947200812, 0.2575206565508785, 0.26514951779643375, 0.2729753074571205, 0.27071759592412425], "large_icm_failure_rate": [0.27351, 0.28542, 0.27028, 0.27053, 0.29072, 0.27981, 0.26605, 0.28876, 0.28709, 0.28806], "small_icm_failure_rate": [0.26631, 0.26386, 0.26881, 0.26833, 0.24048, 0.2567, 0.25293, 0.26634, 0.27475, 0.27118], "error_mod": [0.825, 0.65, 0.9125, 0.825, 0.5625, 0.7375, 0.7375, 0.65, 0.7375, 0.7375], "averages": {"large_fc_failure_rate": 0.2638823793962012, "large_icm_failure_rate": 0.280023, "small_icm_failure_rate": 0.262969, "error_mod": 0.7375}}