{"large_fc_failure_rate": [0.0, 0.16279612700285068, 0.1505926564955861, 0.17164800477214262, 0.0, 0.1554567241769903, 0.15941885991958757, 0.16477473632872036, 0.15833781763826607, 0.16245174789855335], "large_icm_failure_rate": [0.0, 0.19011, 0.18242, 0.18687, 0.0, 0.18912, 0.17609, 0.18518, 0.18151, 0.16009], "small_icm_failure_rate": [0.0, 0.16207, 0.15237, 0.17216, 0.0, 0.15535, 0.16073, 0.16243, 0.16104, 0.1626], "error_mod": [0.0, 0.65, 0.475, 0.65, 0.0, 0.475, 0.7375, 0.65, 0.5625, 0.825], "averages": {"large_fc_failure_rate": 0.1285476674232697, "large_icm_failure_rate": 0.145139, "small_icm_failure_rate": 0.12887500000000002, "error_mod": 0.5025000000000001}}