{"large_fc_failure_rate": [0.1766451215758695, 0.16866338083154403, 0.15699596257760756, 0.16603699764026947, 0.180003782386686, 0.1560158816439392, 0.16086607480166226, 0.17079216944333053, 0.15924565209213679, 0.17714073431985636], "large_icm_failure_rate": [0.15736, 0.1958, 0.1791, 0.1727, 0.16352, 0.18728, 0.1851, 0.1613, 0.16566, 0.17823], "small_icm_failure_rate": [0.18106, 0.16923, 0.15894, 0.16281, 0.18433, 0.15808, 0.16238, 0.17095, 0.15784, 0.17436], "error_mod": [0.9890625, 0.5625, 0.5625, 0.825, 0.99931640625, 0.475, 0.51875, 0.9125, 0.825, 0.825], "averages": {"large_fc_failure_rate": 0.16724057573129017, "large_icm_failure_rate": 0.17460499999999998, "small_icm_failure_rate": 0.167998, "error_mod": 0.749462890625}}