{"large_fc_failure_rate": [0.262350005607267, 0.28306169328374536, 0.26033725060724766, 0.2797490937924785, 0.2590564857917043, 0.277947183706346, 0.28501286291804484, 0.27727214459684657, 0.2834424825223134, 0.3098624018442475], "large_icm_failure_rate": [0.29254, 0.28936, 0.30868, 0.30246, 0.30841, 0.29167, 0.29622, 0.30136, 0.29714, 0.3184], "small_icm_failure_rate": [0.26358, 0.28237, 0.26361, 0.27965, 0.26374, 0.27973, 0.28606, 0.27652, 0.28843, 0.31194], "error_mod": [0.65, 0.7375, 0.5625, 0.65, 0.5625, 0.759375, 0.78125, 0.65, 0.7375, 0.6937500000000001], "averages": {"large_fc_failure_rate": 0.2778091604670241, "large_icm_failure_rate": 0.300624, "small_icm_failure_rate": 0.27956299999999995, "error_mod": 0.6784375}}