{"large_fc_failure_rate": [0.3059624602427989, 0.3021795782989813, 0.2787460250303667, 0.3163396129655048, 0.30414539336272917, 0.31606838872030196, 0.3095634342773931, 0.28973261590543165, 0.29908598758821026, 0.3010097467596043], "large_icm_failure_rate": [0.31872, 0.32276, 0.32043, 0.32038, 0.28368, 0.33199, 0.33125, 0.32996, 0.33104, 0.31541], "small_icm_failure_rate": [0.30494, 0.30318, 0.28194, 0.31841, 0.30683, 0.31998, 0.31341, 0.29033, 0.29799, 0.30135], "error_mod": [0.7375, 0.7375, 0.5625, 0.78125, 0.95625, 0.78125, 0.7375, 0.51875, 0.60625, 0.78125], "averages": {"large_fc_failure_rate": 0.3022833243151322, "large_icm_failure_rate": 0.32056199999999996, "small_icm_failure_rate": 0.303836, "error_mod": 0.72}}