{"large_fc_failure_rate": [0.03494715651736286, 0.16294656696799475, 0.2170951388809191, 0.2975260638116943], "large_icm_failure_rate": [0.037013, 0.17138, 0.230638, 0.315228], "small_icm_failure_rate": [0.034986, 0.162493, 0.217061, 0.297114], "error_mod": [0.75, 0.75, 0.5625, 0.59375]}