{"large_fc_failure_rate": [0.05577105014191107, 0.2518605407847534, 0.333505662157746, 0.4382376931324852], "large_icm_failure_rate": [0.0581, 0.259258, 0.343223, 0.452293], "small_icm_failure_rate": [0.056233, 0.251408, 0.334, 0.438081], "error_mod": [0.5, 0.78125, 0.75, 0.625]}