{"large_fc_failure_rate": [0.07466842204478029, 0.3237882570658086, 0.42237495980822554, 0.54116631662494], "large_icm_failure_rate": [0.077114, 0.330084, 0.430942, 0.552005], "small_icm_failure_rate": [0.07507, 0.324081, 0.421965, 0.541044], "error_mod": [0.75, 0.8125, 0.90625, 0.78125]}