{"large_fc_failure_rate": [0.011071814244021502, 0.05138855476414515, 0.0709326515266681, 0.10066792026148368], "large_icm_failure_rate": [0.012776, 0.061967, 0.085753, 0.120116], "small_icm_failure_rate": [0.010796, 0.051752, 0.071374, 0.10039], "error_mod": [0.5, 0.125, 0.0625, 0.109375]}