{"large_fc_failure_rate": [0.027937139927005097, 0.13365671073301394, 0.1808175560723595, 0.24825455518524825], "large_icm_failure_rate": [0.030291, 0.143476, 0.193961, 0.266195], "small_icm_failure_rate": [0.02825, 0.133347, 0.18091, 0.248686], "error_mod": [0.5, 0.625, 0.59375, 0.5625]}