{"large_fc_failure_rate": [0.07709273748873517, 0.33115307884195705, 0.42961081371468696, 0.5533882906656464], "large_icm_failure_rate": [0.079701, 0.339064, 0.438616, 0.561635], "small_icm_failure_rate": [0.076976, 0.33117, 0.429998, 0.553396], "error_mod": [0.75, 0.75, 0.75, 0.9453125]}