{"large_fc_failure_rate": [0.07089402221830365, 0.30864198814274857, 0.4031528634890649, 0.5217284180086408], "large_icm_failure_rate": [0.072765, 0.315206, 0.414873, 0.53177], "small_icm_failure_rate": [0.071048, 0.308465, 0.402672, 0.521663], "error_mod": [0.75, 0.875, 0.765625, 0.828125]}