{"large_fc_failure_rate": [0.05363327718442401, 0.24259016179446083, 0.3223522536404476, 0.42672989430577013], "large_icm_failure_rate": [0.056589, 0.251115, 0.332392, 0.440585], "small_icm_failure_rate": [0.053837, 0.242864, 0.322266, 0.426405], "error_mod": [0.5, 0.75, 0.8125, 0.625]}