{"large_fc_failure_rate": [0.04998353585407631, 0.22470109471089625, 0.29969783265125655, 0.400170131331519], "large_icm_failure_rate": [0.051839, 0.233939, 0.312166, 0.413323], "small_icm_failure_rate": [0.04979, 0.225171, 0.299849, 0.399822], "error_mod": [0.75, 0.625, 0.625, 0.75]}