{"large_fc_failure_rate": [0.062081852880678114, 0.27565851491028087, 0.3637691330159513, 0.47593607685099015], "large_icm_failure_rate": [0.06475, 0.284611, 0.374105, 0.487954], "small_icm_failure_rate": [0.062365, 0.27613, 0.363518, 0.47598], "error_mod": [0.5, 0.75, 0.75, 0.76953125]}