{"large_fc_failure_rate": [0.05810094935401402, 0.2589561662955701, 0.3439314121747814, 0.4520859204818003], "large_icm_failure_rate": [0.060309, 0.2668, 0.353839, 0.463728], "small_icm_failure_rate": [0.058298, 0.259351, 0.343763, 0.451884], "error_mod": [0.75, 0.75, 0.7421875, 0.78125]}