{"large_fc_failure_rate": [0.008568674283043113, 0.0411841770115899, 0.056893776659873566, 0.08104717994453295], "large_icm_failure_rate": [0.010551, 0.05135, 0.070968, 0.101384], "small_icm_failure_rate": [0.00814, 0.040966, 0.05674, 0.080887], "error_mod": [0.25, 0.125, 0.0625, 0.125]}