{"large_fc_failure_rate": [0.07300142861319668, 0.31730360546171316, 0.411055106282825, 0.530701625976589], "large_icm_failure_rate": [0.075331, 0.32316, 0.422095, 0.540715], "small_icm_failure_rate": [0.073071, 0.316869, 0.410755, 0.530355], "error_mod": [0.75, 0.96875, 0.75, 0.78125]}