{"large_fc_failure_rate": [0.013020883021937466, 0.0620042656947534, 0.08517988795678919, 0.11943943445902523], "large_icm_failure_rate": [0.014973, 0.073022, 0.100243, 0.13917], "small_icm_failure_rate": [0.012632, 0.061978, 0.084839, 0.119802], "error_mod": [0.5, 0.25, 0.1875, 0.25]}