{"large_fc_failure_rate": [0.03310652438858702, 0.15251123894233093, 0.20743903797716143, 0.28209813960830177], "large_icm_failure_rate": [0.034796, 0.163074, 0.219819, 0.29766], "small_icm_failure_rate": [0.033164, 0.152131, 0.207383, 0.282111], "error_mod": [0.875, 0.5625, 0.625, 0.625]}