{"large_fc_failure_rate": [0.041377880397694675, 0.19033596172478118, 0.2557912591879044, 0.34461102993522413], "large_icm_failure_rate": [0.042947, 0.198485, 0.26551, 0.357704], "small_icm_failure_rate": [0.041451, 0.190152, 0.255411, 0.344481], "error_mod": [0.75, 0.75, 0.75, 0.75]}