{"large_fc_failure_rate": [0.039001577336284676, 0.18044917350342543, 0.24322695661346264, 0.327625799147009], "large_icm_failure_rate": [0.040773, 0.190088, 0.255425, 0.343684], "small_icm_failure_rate": [0.039274, 0.179989, 0.243473, 0.3276], "error_mod": [0.75, 0.59375, 0.625, 0.6171875]}