{"large_fc_failure_rate": [0.026052581587699804, 0.12285085822172932, 0.16821740445866473, 0.23189644285413596], "large_icm_failure_rate": [0.028029, 0.13386, 0.181499, 0.248892], "small_icm_failure_rate": [0.026177, 0.123216, 0.167866, 0.232261], "error_mod": [0.5, 0.5, 0.5078125, 0.53125]}