{"large_fc_failure_rate": [0.015285457117140286, 0.07320780812360748, 0.09984676191868908, 0.13946725516872413], "large_icm_failure_rate": [0.01722, 0.082337, 0.114447, 0.157864], "small_icm_failure_rate": [0.014929, 0.073417, 0.100201, 0.139953], "error_mod": [0.5, 0.5, 0.34375, 0.40625]}