{"large_fc_failure_rate": [0.016872345339344706, 0.08332847336687221, 0.11445789969470327, 0.15922546303840096], "large_icm_failure_rate": [0.019736, 0.092639, 0.128013, 0.177714], "small_icm_failure_rate": [0.016956, 0.082902, 0.114194, 0.159087], "error_mod": [0.25, 0.5, 0.4375, 0.40625]}