{"large_fc_failure_rate": [0.03690071069750214, 0.1709136872517154, 0.23063138515005854, 0.3126784098770688], "large_icm_failure_rate": [0.039011, 0.180619, 0.243757, 0.32886], "small_icm_failure_rate": [0.037305, 0.171223, 0.230927, 0.312898], "error_mod": [0.75, 0.65625, 0.625, 0.625]}