{"large_fc_failure_rate": [0.04332552693208431, 0.1993760134098211, 0.2662886027299976, 0.3583860514859002], "large_icm_failure_rate": [0.045814, 0.207916, 0.278006, 0.372127], "small_icm_failure_rate": [0.043045, 0.199084, 0.265941, 0.358248], "error_mod": [0.5, 0.75, 0.625, 0.6875]}