{"large_fc_failure_rate": [0.045314512628543864, 0.20740464296938319, 0.2779629102900907, 0.3721613191543695], "large_icm_failure_rate": [0.047932, 0.216822, 0.289417, 0.385812], "small_icm_failure_rate": [0.045535, 0.20787, 0.278056, 0.372188], "error_mod": [0.75, 0.625, 0.71875, 0.75]}