{"large_fc_failure_rate": [0.019548198429433505, 0.09340947181232363, 0.1275887959729783, 0.1773985225403952], "large_icm_failure_rate": [0.021559, 0.103774, 0.141183, 0.195885], "small_icm_failure_rate": [0.019352, 0.093478, 0.127695, 0.177464], "error_mod": [0.5, 0.5, 0.5, 0.375]}