{"large_fc_failure_rate": [0.08122984750882703, 0.34581428395553765, 0.4470508718013708, 0.5736278520094893], "large_icm_failure_rate": [0.083844, 0.353305, 0.456725, 0.581844], "small_icm_failure_rate": [0.081645, 0.346257, 0.446849, 0.573195], "error_mod": [0.75, 0.875, 0.69921875, 0.9375]}