{"large_fc_failure_rate": [0.04813387223776238, 0.21685459239949417, 0.28986336460077583, 0.38616087432489266], "large_icm_failure_rate": [0.049545, 0.225574, 0.2999, 0.400096], "small_icm_failure_rate": [0.04813, 0.217063, 0.29018, 0.386383], "error_mod": [0.75, 0.7578125, 0.71875, 0.65625]}