{"large_fc_failure_rate": [0.05244969656326558, 0.2322711993390829, 0.3101120324084402, 0.41458128735148053], "large_icm_failure_rate": [0.054383, 0.241987, 0.322165, 0.426232], "small_icm_failure_rate": [0.051978, 0.232419, 0.310348, 0.414323], "error_mod": [0.75, 0.625, 0.625, 0.8125]}