{"large_fc_failure_rate": [0.05992968990671631, 0.2681660989463346, 0.35292723069498677, 0.4642696997395788], "large_icm_failure_rate": [0.062569, 0.275968, 0.363608, 0.47625], "small_icm_failure_rate": [0.060292, 0.268539, 0.353314, 0.464523], "error_mod": [0.5, 0.75, 0.75, 0.75]}