{"large_fc_failure_rate": [0.07909160835565467, 0.33650203539087814, 0.4396816506563811, 0.5631047292159972], "large_icm_failure_rate": [0.081823, 0.346085, 0.448931, 0.571955], "small_icm_failure_rate": [0.079564, 0.336614, 0.43946, 0.562983], "error_mod": [0.75, 0.625, 0.8125, 0.84375]}