{"large_fc_failure_rate": [0.06854277265940642, 0.30044753140926683, 0.3925277263010844, 0.5119721993305402], "large_icm_failure_rate": [0.07102, 0.308119, 0.403052, 0.520962], "small_icm_failure_rate": [0.069027, 0.300203, 0.392363, 0.512315], "error_mod": [0.5, 0.78125, 0.75, 0.90625]}