{"large_fc_failure_rate": [0.06473729821237832, 0.28443047556155016, 0.37325762030930204, 0.487046045688896], "large_icm_failure_rate": [0.066604, 0.291664, 0.38393, 0.498867], "small_icm_failure_rate": [0.064985, 0.284599, 0.373648, 0.487109], "error_mod": [0.75, 0.75, 0.75, 0.75]}