{"large_fc_failure_rate": [0.030057611679184387, 0.14362123429680265, 0.19420715360309007, 0.26469492984983994], "large_icm_failure_rate": [0.032215, 0.152187, 0.206633, 0.281348], "small_icm_failure_rate": [0.030429, 0.143382, 0.193795, 0.265154], "error_mod": [0.5, 0.6875, 0.625, 0.560546875]}