{"large_fc_failure_rate": [0.023681917627326108, 0.11370264785862752, 0.1555284583193354, 0.2132119965947703], "large_icm_failure_rate": [0.026133, 0.122373, 0.168054, 0.230867], "small_icm_failure_rate": [0.023625, 0.113656, 0.155185, 0.21371], "error_mod": [0.5, 0.625, 0.5625, 0.517578125]}