{"large_fc_failure_rate": [0.021527229160761704, 0.1027965502035626, 0.14140541481242075, 0.19691620479335914], "large_icm_failure_rate": [0.023586, 0.112834, 0.155098, 0.212761], "small_icm_failure_rate": [0.021648, 0.10283, 0.141399, 0.196767], "error_mod": [0.5, 0.5, 0.5, 0.625]}