{"large_fc_failure_rate": [0.06620272905660986, 0.2927844790001453, 0.3833801152312011, 0.49870542233235515], "large_icm_failure_rate": [0.068304, 0.301484, 0.392143, 0.510386], "small_icm_failure_rate": [0.066383, 0.292678, 0.383331, 0.498803], "error_mod": [0.5, 0.75, 0.8125, 0.7890625]}