{"large_fc_failure_rate": [0.050888277707574515, 0.07076457235958404, 0.09978050748475119], "large_icm_failure_rate": [0.061883, 0.086315, 0.120357], "small_icm_failure_rate": [0.051033, 0.070653, 0.099768], "error_mod": [0.625, 0.625, 0.625]}