{"large_fc_failure_rate": [0.08235365490464268, 0.11379686045163298, 0.15868449402724857], "large_icm_failure_rate": [0.093271, 0.128262, 0.176414], "small_icm_failure_rate": [0.082135, 0.11397, 0.158613], "error_mod": [0.75, 0.75, 0.765625]}