{"large_fc_failure_rate": [0.062153508370688865, 0.08646319122896368, 0.11912210483966067], "large_icm_failure_rate": [0.073132, 0.100021, 0.13917], "small_icm_failure_rate": [0.062539, 0.086044, 0.119582], "error_mod": [0.6875, 0.703125, 0.6640625]}