{"large_fc_failure_rate": [0.04117267987136752, 0.05718372407236506, 0.07894829444236733], "large_icm_failure_rate": [0.051423, 0.070664, 0.100329], "small_icm_failure_rate": [0.040773, 0.056831, 0.079222], "error_mod": [0.5625, 0.578125, 0.546875]}