{"large_fc_failure_rate": [0.028999930758156843, 0.042081131488964876, 0.05838524228225035], "large_icm_failure_rate": [0.041018, 0.056499, 0.079715], "small_icm_failure_rate": [0.029454, 0.041655, 0.058722], "error_mod": [0.375, 0.453125, 0.4375]}