{"large_fc_failure_rate": [0.07179412306287597, 0.09971320077186548, 0.1406999984543296], "large_icm_failure_rate": [0.082391, 0.114303, 0.158588], "small_icm_failure_rate": [0.072279, 0.099804, 0.140995], "error_mod": [0.71875, 0.72265625, 0.7421875]}