{"fc_failure_rate": [0.04253711271506909, 0.19411100465022507, 0.261859526121358, 0.3504844592443411], "icm_failure_rate": [0.045518, 0.207033, 0.278736, 0.3717]}