{"fc_failure_rate": [0.012015965099922341, 0.059229385487244726, 0.08097736241126403, 0.11290969291374385], "icm_failure_rate": [0.014963, 0.072882, 0.100658, 0.139453]}