{"fc_failure_rate": [0.027287826859290557, 0.12865833423254128, 0.17512115554762717, 0.24015601975531758], "icm_failure_rate": [0.030161, 0.143565, 0.194376, 0.265146]}