{"fc_failure_rate": [0.007728522602216834, 0.03802096671259995, 0.053280737648347135, 0.07463162720011894], "icm_failure_rate": [0.010583, 0.051452, 0.07163, 0.100367]}