{"fc_failure_rate": [0.06300912345211919, 0.2804103034005294, 0.3703051859874545, 0.4823361876511887], "icm_failure_rate": [0.066675, 0.292621, 0.383851, 0.499149]}