{"fc_failure_rate": [0.0781182264823467, 0.33507252574931395, 0.4354544083906243, 0.5577336988301063], "icm_failure_rate": [0.08146, 0.346497, 0.448195, 0.570963]}