{"fc_failure_rate": [0.07002735051313577, 0.3046292817572679, 0.3989120682495168, 0.5143903460399858], "icm_failure_rate": [0.073751, 0.31618, 0.412565, 0.530451]}