{"fc_failure_rate": [0.014124639559826548, 0.06938225073047598, 0.09479454916748427, 0.13315104376811773], "icm_failure_rate": [0.017385, 0.083493, 0.114112, 0.15911]}