{"fc_failure_rate": [0.06569545250176632, 0.2883729832695493, 0.3786165289527451, 0.4937545350886286], "icm_failure_rate": [0.068872, 0.299351, 0.393973, 0.510275]}