{"fc_failure_rate": [0.04474965124798025, 0.20319308511125797, 0.2726854069378047, 0.3657180411612387], "icm_failure_rate": [0.047662, 0.215857, 0.288057, 0.385824]}