{"fc_failure_rate": [0.022914339452589066, 0.10885586872771674, 0.14787018047579983, 0.20636517093928472], "icm_failure_rate": [0.026058, 0.123911, 0.166867, 0.233174]}