{"fc_failure_rate": [0.074193069197616, 0.3190727244218273, 0.4176763345874688, 0.5384872925233247], "icm_failure_rate": [0.076908, 0.329971, 0.431538, 0.552562]}