{"fc_failure_rate": [0.06779911062403844, 0.2974991523326888, 0.38957878468721896, 0.505298309764561], "icm_failure_rate": [0.071421, 0.307671, 0.403936, 0.522121]}