{"fc_failure_rate": [0.05316846986089645, 0.23785728176197066, 0.31767149634568537, 0.42029256011356486], "icm_failure_rate": [0.056184, 0.250773, 0.332891, 0.439678]}