{"fc_failure_rate": [0.03823264346775375, 0.17641585118036807, 0.2388566130011652, 0.3220386771486383], "icm_failure_rate": [0.041294, 0.191366, 0.255794, 0.343025]}