{"fc_failure_rate": [0.009723047163450734, 0.047466357162385064, 0.06664245524296675, 0.09367106392782279], "icm_failure_rate": [0.01268, 0.061623, 0.086256, 0.120077]}