{"fc_failure_rate": [0.005718961621886686, 0.028272858745235965, 0.03930097594465261, 0.05625310605179788], "icm_failure_rate": [0.008464, 0.040993, 0.056845, 0.07903]}