{"fc_failure_rate": [0.03985139274144665, 0.18577624385327265, 0.24966877909719232, 0.33704283631382004], "icm_failure_rate": [0.043543, 0.199698, 0.267042, 0.35824]}