{"fc_failure_rate": [0.06180790143974565, 0.2732343578043762, 0.35887979515503915, 0.4717682775198939], "icm_failure_rate": [0.064505, 0.284997, 0.372917, 0.487385]}