{"fc_failure_rate": [0.05749545383383311, 0.25578942653424386, 0.3391216133740759, 0.4467951655342151], "icm_failure_rate": [0.060356, 0.268188, 0.354785, 0.464605]}