{"fc_failure_rate": [0.04890614964675658, 0.22168693343324183, 0.2962125158427091, 0.39330390374076524], "icm_failure_rate": [0.051847, 0.233693, 0.311143, 0.413865]}