{"fc_failure_rate": [0.07247325210269587, 0.31173035245111463, 0.407909369203749, 0.528505279485074], "icm_failure_rate": [0.075289, 0.323506, 0.420341, 0.543312]}