{"fc_failure_rate": [0.03600239259900081, 0.1672377224699343, 0.2259229871836666, 0.3071425238611208], "icm_failure_rate": [0.039124, 0.181173, 0.243867, 0.330147]}