{"fc_failure_rate": [0.025131215816147322, 0.11893586433278217, 0.16140725427705382, 0.2225364577719928], "icm_failure_rate": [0.028017, 0.133611, 0.181361, 0.248213]}