{"fc_failure_rate": [0.059460213501988594, 0.2633685443021865, 0.3486521599586558, 0.458043259416538], "icm_failure_rate": [0.062576, 0.276794, 0.364059, 0.475345]}