{"fc_failure_rate": [0.029006424571753765, 0.13801244246809213, 0.18832481688962524, 0.25791073935884484], "icm_failure_rate": [0.032241, 0.15165, 0.207389, 0.281225]}