{"fc_failure_rate": [0.07668746136120946, 0.32741875385589586, 0.4264159688596572, 0.5475211924155207], "icm_failure_rate": [0.079109, 0.338353, 0.438228, 0.563359]}