{"fc_failure_rate": [0.016185048824077782, 0.07932273702016095, 0.10919235809224836, 0.15141732169362335], "icm_failure_rate": [0.019153, 0.093669, 0.12829, 0.177059]}