{"fc_failure_rate": [0.054901279868961976, 0.2477253381446742, 0.32789816440019026, 0.43377996630815085], "icm_failure_rate": [0.058656, 0.259879, 0.34335, 0.45164]}