{"fc_failure_rate": [0.033642710043636566, 0.15767341224385897, 0.21329459792875652, 0.290208420149147], "icm_failure_rate": [0.036852, 0.171152, 0.230557, 0.312608]}