{"fc_failure_rate": [0.047055765633404786, 0.2132575815426282, 0.28488602815636227, 0.3802993152140669], "icm_failure_rate": [0.049754, 0.225467, 0.300782, 0.400079]}