{"fc_failure_rate": [0.02069016737808458, 0.09858554101808874, 0.13565538178869024, 0.18769722955965715], "icm_failure_rate": [0.023952, 0.113473, 0.155835, 0.214114]}