{"fc_failure_rate": [0.05125189060723243, 0.231202092897788, 0.3067855956087775, 0.4092900428144572], "icm_failure_rate": [0.054039, 0.243156, 0.321963, 0.427362]}