{"fc_failure_rate": [0.03171536366930267, 0.14791359143243987, 0.20103312692672942, 0.2736442001231744], "icm_failure_rate": [0.034629, 0.162466, 0.218729, 0.297199]}