{"fc_failure_rate": [0.08075829517068064, 0.3419582583487374, 0.4432990748043408, 0.5675157783466158], "icm_failure_rate": [0.083111, 0.352964, 0.455395, 0.581104]}