{"fc_failure_rate": [0.018379880979858904, 0.08955356043264831, 0.12224781244586848, 0.1702298064569605], "icm_failure_rate": [0.02168, 0.104229, 0.141681, 0.196839]}