{"large_fc_failure_rate": [0.058538511306053066, 0.2591681846090349, 0.34210770391317075, 0.4524896785014263], "large_icm_failure_rate": [0.060824, 0.267946, 0.354083, 0.465172], "small_icm_failure_rate": [0.058363, 0.259111, 0.342199, 0.452098], "error_mod": [0.5, 0.34375, 0.34375, 0.53125]}