{"large_fc_failure_rate": [0.012900963679180833, 0.0619551382240392, 0.08644161251591027, 0.11913249065085083], "large_icm_failure_rate": [0.014864, 0.072773, 0.099859, 0.140172], "small_icm_failure_rate": [0.012629, 0.062359, 0.086173, 0.119579], "error_mod": [0.5, 0.375, 0.390625, 0.3125]}