{"large_fc_failure_rate": [0.0065849984938246816, 0.03013588559572001, 0.04121541851752578, 0.05847642309490947], "large_icm_failure_rate": [0.008132, 0.041032, 0.056623, 0.079161], "small_icm_failure_rate": [0.006143, 0.030198, 0.041334, 0.058872], "error_mod": [0.5, 0.1875, 0.125, 0.125]}