{"large_fc_failure_rate": [0.015203186290512951, 0.07206036389028979, 0.10003252052600922, 0.14059639354951972], "large_icm_failure_rate": [0.017244, 0.082495, 0.114298, 0.158914], "small_icm_failure_rate": [0.015212, 0.072305, 0.100336, 0.140372], "error_mod": [0.5, 0.3125, 0.3125, 0.4375]}