{"large_fc_failure_rate": [0.023823351506467774, 0.11341476267511452, 0.1543625200577415, 0.21446470178171062], "large_icm_failure_rate": [0.025885, 0.123188, 0.167342, 0.232064], "small_icm_failure_rate": [0.023846, 0.113547, 0.154819, 0.214685], "error_mod": [0.5, 0.50390625, 0.5, 0.5]}