{"large_fc_failure_rate": [0.02843705226437426, 0.13306903863314476, 0.18264195059884722, 0.2473727070565758], "large_icm_failure_rate": [0.030325, 0.143199, 0.19457, 0.265197], "small_icm_failure_rate": [0.028375, 0.133379, 0.182176, 0.247245], "error_mod": [0.5, 0.5, 0.5, 0.375]}