{"large_fc_failure_rate": [0.01726632293429032, 0.0831081826765474, 0.11351911737124036, 0.1601284638268775], "large_icm_failure_rate": [0.019413, 0.093715, 0.128224, 0.17768], "small_icm_failure_rate": [0.017144, 0.082776, 0.113884, 0.159655], "error_mod": [0.5, 0.375, 0.375, 0.5]}