{"large_fc_failure_rate": [0.05008071864203819, 0.22543558391416305, 0.3013673287996858, 0.4006748477190084], "large_icm_failure_rate": [0.051729, 0.233809, 0.311109, 0.412978], "small_icm_failure_rate": [0.049975, 0.225405, 0.301429, 0.400499], "error_mod": [0.5, 0.5, 0.5625, 0.5625]}