{"large_fc_failure_rate": [0.05622987018466688, 0.2518922647410391, 0.3324642954494767, 0.4399994562136996], "large_icm_failure_rate": [0.058289, 0.258682, 0.343383, 0.452397], "small_icm_failure_rate": [0.056326, 0.252277, 0.332781, 0.439723], "error_mod": [0.5, 0.5, 0.5, 0.4375]}