{"large_fc_failure_rate": [0.07135015142307558, 0.3084709953593393, 0.40207400399887633, 0.5201423401107858], "large_icm_failure_rate": [0.073566, 0.31677, 0.410755, 0.531218], "small_icm_failure_rate": [0.071008, 0.308086, 0.402522, 0.520232], "error_mod": [0.5, 0.4375, 0.5, 0.5]}