{"large_fc_failure_rate": [0.06448702996623763, 0.28390428324895517, 0.37285303597694786, 0.4894756337757705], "large_icm_failure_rate": [0.066945, 0.291781, 0.384571, 0.498065], "small_icm_failure_rate": [0.064911, 0.284378, 0.373064, 0.488996], "error_mod": [0.5, 0.4296875, 0.375, 0.625]}