{"large_fc_failure_rate": [0.018842878946100088, 0.09347338906910349, 0.12723398766992544, 0.17774138935334766], "large_icm_failure_rate": [0.021363, 0.103193, 0.140782, 0.195023], "small_icm_failure_rate": [0.019093, 0.093365, 0.127708, 0.177922], "error_mod": [0.25, 0.5, 0.4375, 0.5]}