{"large_fc_failure_rate": [0.026039531949433824, 0.12254752672963366, 0.1674697564734609, 0.23087791736214824], "large_icm_failure_rate": [0.028277, 0.132659, 0.181372, 0.247762], "small_icm_failure_rate": [0.026055, 0.122708, 0.16735, 0.231334], "error_mod": [0.5, 0.375, 0.40625, 0.453125]}