{"large_fc_failure_rate": [0.04771476819189578, 0.21707529680421359, 0.29092376883710497, 0.3858127187815902], "large_icm_failure_rate": [0.049718, 0.225402, 0.30011, 0.400505], "small_icm_failure_rate": [0.047663, 0.216903, 0.290428, 0.385815], "error_mod": [0.5, 0.5, 0.5625, 0.375]}