{"large_fc_failure_rate": [0.03899926860045491, 0.18009632721816315, 0.2433506935492188, 0.3276262608860893], "large_icm_failure_rate": [0.04128, 0.189953, 0.255953, 0.343335], "small_icm_failure_rate": [0.03933, 0.179827, 0.243518, 0.327242], "error_mod": [0.5, 0.375, 0.40625, 0.375]}