{"large_fc_failure_rate": [0.032473397655195836, 0.15255342948698286, 0.20611987550976604, 0.28321299203217776], "large_icm_failure_rate": [0.034599, 0.16264, 0.218214, 0.296339], "small_icm_failure_rate": [0.032558, 0.152303, 0.206386, 0.282802], "error_mod": [0.5, 0.4375, 0.4765625, 0.625]}