{"large_fc_failure_rate": [0.05193585204415849, 0.23391269125255465, 0.3117808643568957, 0.41578405560003734], "large_icm_failure_rate": [0.053818, 0.241435, 0.322083, 0.427137], "small_icm_failure_rate": [0.052197, 0.233788, 0.311572, 0.415287], "error_mod": [0.5, 0.5, 0.5, 0.625]}