{"large_fc_failure_rate": [0.06889100737238955, 0.3009067632024292, 0.39416307204125145, 0.510629652999495], "large_icm_failure_rate": [0.070999, 0.307903, 0.403268, 0.520984], "small_icm_failure_rate": [0.068619, 0.300746, 0.393918, 0.51026], "error_mod": [0.5, 0.5625, 0.5, 0.625]}