{"large_fc_failure_rate": [0.045699170485060794, 0.2074150326730505, 0.2766638000903281, 0.37272122979006267], "large_icm_failure_rate": [0.047843, 0.217296, 0.288698, 0.386409], "small_icm_failure_rate": [0.045797, 0.207621, 0.276697, 0.372803], "error_mod": [0.5, 0.5, 0.375, 0.5]}