{"large_fc_failure_rate": [0.021605884001740044, 0.10348619086291509, 0.14206986707474606, 0.1948843179874014], "large_icm_failure_rate": [0.02394, 0.113344, 0.154897, 0.214699], "small_icm_failure_rate": [0.021656, 0.103097, 0.142024, 0.195378], "error_mod": [0.5, 0.4453125, 0.5, 0.375]}