{"large_fc_failure_rate": [0.07735528721544675, 0.33124714612456513, 0.4316081665410101, 0.5520427573066913], "large_icm_failure_rate": [0.079535, 0.339281, 0.440889, 0.56256], "small_icm_failure_rate": [0.077247, 0.331184, 0.431889, 0.552275], "error_mod": [0.5, 0.5625, 0.625, 0.421875]}