{"large_fc_failure_rate": [0.06680537569484282, 0.29185481016517073, 0.38340907240339017, 0.4983584446001192], "large_icm_failure_rate": [0.069004, 0.299539, 0.392961, 0.509824], "small_icm_failure_rate": [0.066738, 0.292259, 0.382961, 0.498085], "error_mod": [0.5, 0.5, 0.375, 0.4375]}