{"large_fc_failure_rate": [0.08198748405372012, 0.34580019982474386, 0.4484932030213383, 0.572114518433479], "large_icm_failure_rate": [0.084021, 0.352788, 0.456575, 0.581385], "small_icm_failure_rate": [0.082203, 0.346201, 0.448152, 0.571893], "error_mod": [0.5, 0.5625, 0.5, 0.5]}