{"large_fc_failure_rate": [0.07509049498723576, 0.32264673226191026, 0.4220172970182006, 0.5423088158766822], "large_icm_failure_rate": [0.0774, 0.329825, 0.430474, 0.55163], "small_icm_failure_rate": [0.075523, 0.322909, 0.422018, 0.542049], "error_mod": [0.5, 0.5, 0.5, 0.5]}