{"large_fc_failure_rate": [0.03450025265894659, 0.16249850351329034, 0.21912337843391982, 0.29773298219511607], "large_icm_failure_rate": [0.036743, 0.171985, 0.231581, 0.313838], "small_icm_failure_rate": [0.034595, 0.162038, 0.219114, 0.297558], "error_mod": [0.5, 0.5, 0.5, 0.4765625]}