{"large_fc_failure_rate": [0.06247419843126462, 0.2749787676769948, 0.363589650461635, 0.4754199461187377], "large_icm_failure_rate": [0.064837, 0.284112, 0.374287, 0.488152], "small_icm_failure_rate": [0.062338, 0.274839, 0.364023, 0.475554], "error_mod": [0.375, 0.375, 0.4375, 0.5]}