{"large_fc_failure_rate": [0.05406998994518569, 0.2428050197156367, 0.32133315467232887, 0.4265917892944049], "large_icm_failure_rate": [0.056052, 0.250963, 0.333989, 0.439821], "small_icm_failure_rate": [0.054252, 0.242509, 0.321456, 0.426671], "error_mod": [0.5, 0.4375, 0.375, 0.46875]}