{"large_fc_failure_rate": [0.030254599516818435, 0.14265468410811297, 0.1942735581501156, 0.263046872144569], "large_icm_failure_rate": [0.032256, 0.152073, 0.207112, 0.282114], "small_icm_failure_rate": [0.030295, 0.14297, 0.194525, 0.262684], "error_mod": [0.5, 0.40625, 0.4375, 0.375]}