{"large_fc_failure_rate": [0.06059160161566889, 0.26865072785075733, 0.3548273504767766, 0.46178112512936054], "large_icm_failure_rate": [0.06296, 0.276171, 0.364128, 0.475749], "small_icm_failure_rate": [0.060403, 0.268641, 0.354931, 0.46165], "error_mod": [0.5, 0.5625, 0.5, 0.21875]}