{"large_fc_failure_rate": [0.041441007017173744, 0.18953510970183604, 0.25579868867303346, 0.34339237485082597], "large_icm_failure_rate": [0.043228, 0.198682, 0.266886, 0.357061], "small_icm_failure_rate": [0.04123, 0.189726, 0.255814, 0.343714], "error_mod": [0.5, 0.453125, 0.5625, 0.5]}