{"large_fc_failure_rate": [0.04326033862818714, 0.19885379549804755, 0.26583927153478876, 0.3581323980710215], "large_icm_failure_rate": [0.045533, 0.207923, 0.278631, 0.372625], "small_icm_failure_rate": [0.043444, 0.198613, 0.265482, 0.358166], "error_mod": [0.5, 0.5, 0.38671875, 0.375]}