{"large_fc_failure_rate": [0.03704581779167667, 0.17149224364005086, 0.2305288364813292, 0.31318694528270136], "large_icm_failure_rate": [0.038949, 0.180473, 0.242514, 0.328058], "small_icm_failure_rate": [0.0372, 0.171583, 0.230748, 0.313196], "error_mod": [0.5, 0.5, 0.4375, 0.4375]}