{"large_fc_failure_rate": [0.010711702298665809, 0.052133790688504766, 0.07086653068701285, 0.09959076860792461], "large_icm_failure_rate": [0.012695, 0.06155, 0.085681, 0.118841], "small_icm_failure_rate": [0.010342, 0.051867, 0.070929, 0.100071], "error_mod": [0.5, 0.375, 0.3125, 0.375]}