{"large_fc_failure_rate": [0.008233699744014457, 0.04147279702869271, 0.056663085882286426, 0.07901354909911688], "large_icm_failure_rate": [0.010696, 0.051708, 0.071792, 0.099919], "small_icm_failure_rate": [0.00824, 0.040999, 0.056553, 0.078581], "error_mod": [0.25, 0.3125, 0.28125, 0.25]}