{"large_fc_failure_rate": [0.07309361307506589, 0.31485302518852815, 0.4109898486307755, 0.5304701622776171], "large_icm_failure_rate": [0.075625, 0.324385, 0.422314, 0.543538], "small_icm_failure_rate": [0.07267, 0.315172, 0.410903, 0.53079], "error_mod": [0.5, 0.375, 0.32421875, 0.25]}