{"large_fc_failure_rate": [0.00605281525707141, 0.029409392176623812, 0.041309842877361114, 0.058658285819155546], "large_icm_failure_rate": [0.008363, 0.040122, 0.05676, 0.079741], "small_icm_failure_rate": [0.006015, 0.029807, 0.041296, 0.058813], "error_mod": [0.25, 0.25, 0.25, 0.25]}