{"large_fc_failure_rate": [0.015322809903476212, 0.07248196027301088, 0.10014554187646527, 0.1394578793456557], "large_icm_failure_rate": [0.017113, 0.083656, 0.114339, 0.159199], "small_icm_failure_rate": [0.014889, 0.072737, 0.100601, 0.139734], "error_mod": [0.75, 0.65625, 0.65625, 0.65625]}