{"large_fc_failure_rate": [0.03071632897768429, 0.14319374015456907, 0.19374643779616763, 0.2657310185837679], "large_icm_failure_rate": [0.032367, 0.151867, 0.206825, 0.280369], "small_icm_failure_rate": [0.030469, 0.143148, 0.193895, 0.265795], "error_mod": [0.875, 0.859375, 0.841796875, 0.875]}