{"large_fc_failure_rate": [0.028804032462384662, 0.1324108742018461, 0.18196061707335162, 0.24863796345402825], "large_icm_failure_rate": [0.030426, 0.143863, 0.195153, 0.265631], "small_icm_failure_rate": [0.028372, 0.132636, 0.181516, 0.248388], "error_mod": [0.875, 0.818359375, 0.84375, 0.84375]}