{"large_fc_failure_rate": [0.032534829102743294, 0.15392531225554182, 0.20748205411374931, 0.28098890667508186], "large_icm_failure_rate": [0.034581, 0.161699, 0.218373, 0.298792], "small_icm_failure_rate": [0.032874, 0.153658, 0.207049, 0.28063], "error_mod": [0.875, 0.90625, 0.90625, 0.859375]}