{"large_fc_failure_rate": [0.0172630196963143, 0.08284503404955297, 0.11367542164546755, 0.1597042862367482], "large_icm_failure_rate": [0.01947, 0.093258, 0.128862, 0.177687], "small_icm_failure_rate": [0.01707, 0.082954, 0.113964, 0.160095], "error_mod": [0.75, 0.71875, 0.6875, 0.72265625]}