{"large_fc_failure_rate": [0.023340955977197174, 0.11383572131685442, 0.15479673287754175, 0.21317826218278324], "large_icm_failure_rate": [0.025975, 0.1229, 0.167446, 0.23126], "small_icm_failure_rate": [0.023487, 0.113931, 0.154965, 0.21315], "error_mod": [0.75, 0.828125, 0.80078125, 0.798828125]}