{"large_fc_failure_rate": [0.01940449328766456, 0.09244833580119745, 0.1279986195316363, 0.1780508446201432], "large_icm_failure_rate": [0.021528, 0.10325, 0.141073, 0.196988], "small_icm_failure_rate": [0.019315, 0.092471, 0.127942, 0.177725], "error_mod": [0.75, 0.71875, 0.75, 0.75]}