{"large_fc_failure_rate": [0.012177604183479131, 0.06119666169583758, 0.08600377606725158, 0.12040427552661773], "large_icm_failure_rate": [0.015123, 0.072324, 0.099864, 0.139885], "small_icm_failure_rate": [0.012668, 0.061619, 0.086118, 0.120433], "error_mod": [0.5, 0.5625, 0.609375, 0.609375]}