{"large_fc_failure_rate": [0.03667852652637011, 0.17160883715957312, 0.23102428978133138, 0.3142695753746675], "large_icm_failure_rate": [0.039067, 0.180488, 0.244497, 0.329394], "small_icm_failure_rate": [0.036923, 0.171367, 0.231104, 0.314363], "error_mod": [0.875, 0.90625, 0.875, 0.90771484375]}