{"large_fc_failure_rate": [0.02206257166723814, 0.10256116092108282, 0.14233803940193648, 0.19548140750748988], "large_icm_failure_rate": [0.023827, 0.113697, 0.154676, 0.21276], "small_icm_failure_rate": [0.021796, 0.102961, 0.142332, 0.195495], "error_mod": [0.875, 0.75, 0.796875, 0.78125]}