{"large_fc_failure_rate": [0.04570134856608098, 0.20798031664527172, 0.2785429388122879, 0.37276383127423574], "large_icm_failure_rate": [0.047819, 0.217966, 0.28948, 0.386797], "small_icm_failure_rate": [0.045697, 0.207914, 0.278327, 0.373058], "error_mod": [0.9375, 0.94140625, 0.9375, 0.9375]}