{"large_fc_failure_rate": [0.008727415435238714, 0.04107573816021022, 0.05589588118077954, 0.07985366241616076], "large_icm_failure_rate": [0.010548, 0.052136, 0.07133, 0.099914], "small_icm_failure_rate": [0.008301, 0.041028, 0.056277, 0.079586], "error_mod": [0.5, 0.4375, 0.375, 0.40625]}