{"large_fc_failure_rate": [0.03880124462065934, 0.18120329669691235, 0.24341800591344553, 0.3289247288701534], "large_icm_failure_rate": [0.041335, 0.189803, 0.25542, 0.343487], "small_icm_failure_rate": [0.039203, 0.180789, 0.243785, 0.328987], "error_mod": [0.875, 0.9375, 0.90625, 0.91015625]}