{"large_fc_failure_rate": [0.010266506002732361, 0.05163880459999294, 0.07130408178336692, 0.0998519250285527], "large_icm_failure_rate": [0.012631, 0.062148, 0.085772, 0.121392], "small_icm_failure_rate": [0.010431, 0.051236, 0.071658, 0.100195], "error_mod": [0.5, 0.515625, 0.5234375, 0.5078125]}