{"large_fc_failure_rate": [0.025512719686072525, 0.12328170185794081, 0.1690010939767198, 0.23112056544919155], "large_icm_failure_rate": [0.028206, 0.133686, 0.182106, 0.249159], "small_icm_failure_rate": [0.025889, 0.122988, 0.168603, 0.23147], "error_mod": [0.75, 0.796875, 0.8125, 0.8115234375]}