{"large_fc_failure_rate": [0.034526339565302204, 0.16232437081038598, 0.21855254566056578, 0.2993282742565823], "large_icm_failure_rate": [0.036815, 0.171929, 0.231415, 0.31408], "small_icm_failure_rate": [0.034576, 0.1622, 0.218536, 0.298926], "error_mod": [0.875, 0.875, 0.890625, 0.8974609375]}