{"large_fc_failure_rate": [0.18028554210806744], "large_icm_failure_rate": [0.194492], "small_icm_failure_rate": [0.176088], "error_mod": [0.30008544921875], "averages": {"large_fc_failure_rate": 0.18028554210806744, "large_icm_failure_rate": 0.194492, "small_icm_failure_rate": 0.176088, "error_mod": 0.30008544921875}}