{"large_fc_failure_rate": [0.31572136757075814], "large_icm_failure_rate": [0.328983], "small_icm_failure_rate": [0.312295], "error_mod": [0.38749999999999996], "averages": {"large_fc_failure_rate": 0.31572136757075814, "large_icm_failure_rate": 0.328983, "small_icm_failure_rate": 0.312295, "error_mod": 0.38749999999999996}}