{"large_fc_failure_rate": [0.34532729484140656], "large_icm_failure_rate": [0.357614], "small_icm_failure_rate": [0.343721], "error_mod": [0.475], "averages": {"large_fc_failure_rate": 0.34532729484140656, "large_icm_failure_rate": 0.357614, "small_icm_failure_rate": 0.343721, "error_mod": 0.475}}