{"large_fc_failure_rate": [0.45271193928456815], "large_icm_failure_rate": [0.463752], "small_icm_failure_rate": [0.451827], "error_mod": [0.475], "averages": {"large_fc_failure_rate": 0.45271193928456815, "large_icm_failure_rate": 0.463752, "small_icm_failure_rate": 0.451827, "error_mod": 0.475}}