{"large_fc_failure_rate": [0.38749135003740104], "large_icm_failure_rate": [0.397625], "small_icm_failure_rate": [0.386304], "error_mod": [0.475], "averages": {"large_fc_failure_rate": 0.38749135003740104, "large_icm_failure_rate": 0.397625, "small_icm_failure_rate": 0.386304, "error_mod": 0.475}}