{"large_fc_failure_rate": [0.37531791961497873], "large_icm_failure_rate": [0.385924], "small_icm_failure_rate": [0.371121], "error_mod": [0.475], "averages": {"large_fc_failure_rate": 0.37531791961497873, "large_icm_failure_rate": 0.385924, "small_icm_failure_rate": 0.371121, "error_mod": 0.475}}