{"large_fc_failure_rate": [0.26942270842049265], "large_icm_failure_rate": [0.281941], "small_icm_failure_rate": [0.265108], "error_mod": [0.475], "averages": {"large_fc_failure_rate": 0.26942270842049265, "large_icm_failure_rate": 0.281941, "small_icm_failure_rate": 0.265108, "error_mod": 0.475}}