{"large_fc_failure_rate": [0.2365957298202835], "large_icm_failure_rate": [0.248993], "small_icm_failure_rate": [0.231822], "error_mod": [0.34375], "averages": {"large_fc_failure_rate": 0.2365957298202835, "large_icm_failure_rate": 0.248993, "small_icm_failure_rate": 0.231822, "error_mod": 0.34375}}