{"large_fc_failure_rate": [0.14519511459435694], "large_icm_failure_rate": [0.157032], "small_icm_failure_rate": [0.140314], "error_mod": [0.3000000000000398], "averages": {"large_fc_failure_rate": 0.14519511459435694, "large_icm_failure_rate": 0.157032, "small_icm_failure_rate": 0.140314, "error_mod": 0.3000000000000398}}