{"large_fc_failure_rate": [0.4403416520196248], "large_icm_failure_rate": [0.450751], "small_icm_failure_rate": [0.437663], "error_mod": [0.475], "averages": {"large_fc_failure_rate": 0.4403416520196248, "large_icm_failure_rate": 0.450751, "small_icm_failure_rate": 0.437663, "error_mod": 0.475}}