{"large_fc_failure_rate": [0.3604515072723009], "large_icm_failure_rate": [0.371166], "small_icm_failure_rate": [0.357064], "error_mod": [0.475], "averages": {"large_fc_failure_rate": 0.3604515072723009, "large_icm_failure_rate": 0.371166, "small_icm_failure_rate": 0.357064, "error_mod": 0.475}}