{"large_fc_failure_rate": [0.28827066392155726], "large_icm_failure_rate": [0.297614], "small_icm_failure_rate": [0.283585], "error_mod": [0.65], "averages": {"large_fc_failure_rate": 0.28827066392155726, "large_icm_failure_rate": 0.297614, "small_icm_failure_rate": 0.283585, "error_mod": 0.65}}