{"large_fc_failure_rate": [0.2010818141190612], "large_icm_failure_rate": [0.213034], "small_icm_failure_rate": [0.196682], "error_mod": [0.38749999999999996], "averages": {"large_fc_failure_rate": 0.2010818141190612, "large_icm_failure_rate": 0.213034, "small_icm_failure_rate": 0.196682, "error_mod": 0.38749999999999996}}