{"large_fc_failure_rate": [0.3019273253442095], "large_icm_failure_rate": [0.313407], "small_icm_failure_rate": [0.298803], "error_mod": [0.475], "averages": {"large_fc_failure_rate": 0.3019273253442095, "large_icm_failure_rate": 0.313407, "small_icm_failure_rate": 0.298803, "error_mod": 0.475}}