{"large_fc_failure_rate": [0.47774367006880564], "large_icm_failure_rate": [0.487532], "small_icm_failure_rate": [0.475914], "error_mod": [0.65], "averages": {"large_fc_failure_rate": 0.47774367006880564, "large_icm_failure_rate": 0.487532, "small_icm_failure_rate": 0.475914, "error_mod": 0.65}}