{"large_fc_failure_rate": [0.21917951816886905], "large_icm_failure_rate": [0.230497], "small_icm_failure_rate": [0.214939], "error_mod": [0.38749999999999996], "averages": {"large_fc_failure_rate": 0.21917951816886905, "large_icm_failure_rate": 0.230497, "small_icm_failure_rate": 0.214939, "error_mod": 0.38749999999999996}}