{"large_fc_failure_rate": [0.2531289079052078], "large_icm_failure_rate": [0.264495], "small_icm_failure_rate": [0.248517], "error_mod": [0.475], "averages": {"large_fc_failure_rate": 0.2531289079052078, "large_icm_failure_rate": 0.264495, "small_icm_failure_rate": 0.248517, "error_mod": 0.475}}