{"large_fc_failure_rate": [0.46714969181281785], "large_icm_failure_rate": [0.476217], "small_icm_failure_rate": [0.464112], "error_mod": [0.65], "averages": {"large_fc_failure_rate": 0.46714969181281785, "large_icm_failure_rate": 0.476217, "small_icm_failure_rate": 0.464112, "error_mod": 0.65}}