{"large_fc_failure_rate": [0.2611179007046611], "large_icm_failure_rate": [0.280697], "small_icm_failure_rate": [0.265389], "error_mod": [0.825], "averages": {"large_fc_failure_rate": 0.2611179007046611, "large_icm_failure_rate": 0.280697, "small_icm_failure_rate": 0.265389, "error_mod": 0.825}}