{"large_fc_failure_rate": [0.19711346198110016], "large_icm_failure_rate": [0.213356], "small_icm_failure_rate": [0.196026], "error_mod": [0.825], "averages": {"large_fc_failure_rate": 0.19711346198110016, "large_icm_failure_rate": 0.213356, "small_icm_failure_rate": 0.196026, "error_mod": 0.825}}