{"large_fc_failure_rate": [0.5168950144076551], "large_icm_failure_rate": [0.531785], "small_icm_failure_rate": [0.52094], "error_mod": [0.9125], "averages": {"large_fc_failure_rate": 0.5168950144076551, "large_icm_failure_rate": 0.531785, "small_icm_failure_rate": 0.52094, "error_mod": 0.9125}}