{"large_fc_failure_rate": [0.31636652746794697], "large_icm_failure_rate": [0.327284], "small_icm_failure_rate": [0.313661], "error_mod": [0.9125], "averages": {"large_fc_failure_rate": 0.31636652746794697, "large_icm_failure_rate": 0.327284, "small_icm_failure_rate": 0.313661, "error_mod": 0.9125}}