{"large_fc_failure_rate": [0.06077421073779069], "large_icm_failure_rate": [0.080476], "small_icm_failure_rate": [0.058476], "error_mod": [0.475], "averages": {"large_fc_failure_rate": 0.06077421073779069, "large_icm_failure_rate": 0.080476, "small_icm_failure_rate": 0.058476, "error_mod": 0.475}}