{"large_fc_failure_rate": [0.2139742934922833], "large_icm_failure_rate": [0.230566], "small_icm_failure_rate": [0.213611], "error_mod": [0.825], "averages": {"large_fc_failure_rate": 0.2139742934922833, "large_icm_failure_rate": 0.230566, "small_icm_failure_rate": 0.213611, "error_mod": 0.825}}