{"large_fc_failure_rate": [0.5728337751307729], "large_icm_failure_rate": [0.581559], "small_icm_failure_rate": [0.572154], "error_mod": [0.95625], "averages": {"large_fc_failure_rate": 0.5728337751307729, "large_icm_failure_rate": 0.581559, "small_icm_failure_rate": 0.572154, "error_mod": 0.95625}}