{"large_fc_failure_rate": [0.472745037539854], "large_icm_failure_rate": [0.487657], "small_icm_failure_rate": [0.476059], "error_mod": [0.9125], "averages": {"large_fc_failure_rate": 0.472745037539854, "large_icm_failure_rate": 0.487657, "small_icm_failure_rate": 0.476059, "error_mod": 0.9125}}