{"large_fc_failure_rate": [0.5330338347916681], "large_icm_failure_rate": [0.541019], "small_icm_failure_rate": [0.53333], "error_mod": [0.95625], "averages": {"large_fc_failure_rate": 0.5330338347916681, "large_icm_failure_rate": 0.541019, "small_icm_failure_rate": 0.53333, "error_mod": 0.95625}}