{"large_fc_failure_rate": [0.4104275461986253], "large_icm_failure_rate": [0.425563], "small_icm_failure_rate": [0.413418], "error_mod": [0.9125], "averages": {"large_fc_failure_rate": 0.4104275461986253, "large_icm_failure_rate": 0.425563, "small_icm_failure_rate": 0.413418, "error_mod": 0.9125}}