{"large_fc_failure_rate": [0.23017668910637173], "large_icm_failure_rate": [0.248511], "small_icm_failure_rate": [0.23212], "error_mod": [0.825], "averages": {"large_fc_failure_rate": 0.23017668910637173, "large_icm_failure_rate": 0.248511, "small_icm_failure_rate": 0.23212, "error_mod": 0.825}}