{"large_fc_failure_rate": [0.44794778682893316], "large_icm_failure_rate": [0.462925], "small_icm_failure_rate": [0.451165], "error_mod": [0.9125], "averages": {"large_fc_failure_rate": 0.44794778682893316, "large_icm_failure_rate": 0.462925, "small_icm_failure_rate": 0.451165, "error_mod": 0.9125}}