{"large_fc_failure_rate": [0.34712266021413135], "large_icm_failure_rate": [0.359251], "small_icm_failure_rate": [0.343843], "error_mod": [0.9125], "averages": {"large_fc_failure_rate": 0.34712266021413135, "large_icm_failure_rate": 0.359251, "small_icm_failure_rate": 0.343843, "error_mod": 0.9125}}