{"large_fc_failure_rate": [0.24534617255506116], "large_icm_failure_rate": [0.265117], "small_icm_failure_rate": [0.24839], "error_mod": [0.825], "averages": {"large_fc_failure_rate": 0.24534617255506116, "large_icm_failure_rate": 0.265117, "small_icm_failure_rate": 0.24839, "error_mod": 0.825}}