{"large_fc_failure_rate": [0.13521468694406213], "large_icm_failure_rate": [0.159378], "small_icm_failure_rate": [0.140213], "error_mod": [0.65], "averages": {"large_fc_failure_rate": 0.13521468694406213, "large_icm_failure_rate": 0.159378, "small_icm_failure_rate": 0.140213, "error_mod": 0.65}}