{"large_fc_failure_rate": [0.38651257311368437], "large_icm_failure_rate": [0.401315], "small_icm_failure_rate": [0.386299], "error_mod": [0.9125], "averages": {"large_fc_failure_rate": 0.38651257311368437, "large_icm_failure_rate": 0.401315, "small_icm_failure_rate": 0.386299, "error_mod": 0.9125}}