{"large_fc_failure_rate": [0.5008095480408937], "large_icm_failure_rate": [0.509164], "small_icm_failure_rate": [0.49829], "error_mod": [0.95625], "averages": {"large_fc_failure_rate": 0.5008095480408937, "large_icm_failure_rate": 0.509164, "small_icm_failure_rate": 0.49829, "error_mod": 0.95625}}