{"large_fc_failure_rate": [0.11818526994634657], "large_icm_failure_rate": [0.140412], "small_icm_failure_rate": [0.119979], "error_mod": [0.65], "averages": {"large_fc_failure_rate": 0.11818526994634657, "large_icm_failure_rate": 0.140412, "small_icm_failure_rate": 0.119979, "error_mod": 0.65}}