{"large_fc_failure_rate": [0.46307562323685925], "large_icm_failure_rate": [0.478085], "small_icm_failure_rate": [0.463182], "error_mod": [0.9125], "averages": {"large_fc_failure_rate": 0.46307562323685925, "large_icm_failure_rate": 0.478085, "small_icm_failure_rate": 0.463182, "error_mod": 0.9125}}