{"fc_failure_rate": [0.044974616382149245, 0.2068992895619394, 0.27702650553943087, 0.37101104384039674], "icm_failure_rate": [0.064636, 0.283951, 0.374203, 0.487956]}