{"fc_failure_rate": [0.025302004244520872, 0.12097204211172917, 0.16590873039749263, 0.2266059059838287], "icm_failure_rate": [0.03698, 0.171772, 0.232519, 0.313322]}