{"fc_failure_rate": [0.008330846738340884, 0.04143789845610262, 0.058445693116180225, 0.08120608537093019], "icm_failure_rate": [0.012609, 0.061974, 0.086838, 0.12009]}