{"fc_failure_rate": [0.0054024444932687645, 0.026439196861616096, 0.037303431936197985, 0.051843183510657524], "icm_failure_rate": [0.008202, 0.04035, 0.056798, 0.079227]}