{"fc_failure_rate": [0.04075384773899746, 0.18782991250993955, 0.25173041265015145, 0.3399005748474894], "icm_failure_rate": [0.05828, 0.259906, 0.343502, 0.451289]}