{"fc_failure_rate": [0.014712224416589415, 0.07126095866779181, 0.09853872875310762, 0.13843388904780152], "icm_failure_rate": [0.021716, 0.103276, 0.141841, 0.196846]}