{"fc_failure_rate": [0.05110469893248509, 0.23120824669291687, 0.30707333319009045, 0.4102647658890446], "icm_failure_rate": [0.073414, 0.316113, 0.411295, 0.532734]}