{"fc_failure_rate": [0.02218113854817308, 0.10739443139985334, 0.14628541477603763, 0.2026671831026909], "icm_failure_rate": [0.032875, 0.153269, 0.206346, 0.282463]}