{"fc_failure_rate": [0.03012168038294607, 0.14153341612978343, 0.19182708169252524, 0.26429858591350963], "icm_failure_rate": [0.043533, 0.19905, 0.266777, 0.359543]}