{"fc_failure_rate": [0.055340936301759125, 0.2485194199545814, 0.33020210370147707, 0.43502165966616074], "icm_failure_rate": [0.07905, 0.338481, 0.44009, 0.561295]}