{"fc_failure_rate": [0.013034866051243217, 0.06439657073404553, 0.08918952393347916, 0.12482655091607904], "icm_failure_rate": [0.019428, 0.093399, 0.128284, 0.17825]}