{"fc_failure_rate": [0.05835358641710338, 0.26082642145877133, 0.34568934914864186, 0.45267561117547506], "icm_failure_rate": [0.083155, 0.352978, 0.456747, 0.580955]}