{"fc_failure_rate": [0.009990528303480396, 0.04953275349214748, 0.06837086398252645, 0.09615862130905901], "icm_failure_rate": [0.015015, 0.072584, 0.099692, 0.139802]}