{"fc_failure_rate": [0.048200653637599726, 0.21851717112102512, 0.2921914774237368, 0.3892256814817352], "icm_failure_rate": [0.069229, 0.300123, 0.393015, 0.509209]}