{"fc_failure_rate": [0.01625890805814922, 0.07788353343713077, 0.10752512512172716, 0.15175337329458347], "icm_failure_rate": [0.023843, 0.112624, 0.154974, 0.215497]}