{"fc_failure_rate": [0.041955521245298937, 0.19455145722525116, 0.25943203435535656, 0.3500103410579395], "icm_failure_rate": [0.060549, 0.268517, 0.352051, 0.463664]}