{"fc_failure_rate": [0.028683768452318154, 0.13380631162860643, 0.18327651008787532, 0.25062965320638786], "icm_failure_rate": [0.041703, 0.188703, 0.254567, 0.343248]}