{"fc_failure_rate": [0.0316724937581388, 0.14802958169032668, 0.2008592550888411, 0.2743924769995987], "icm_failure_rate": [0.045515, 0.207671, 0.27774, 0.372293]}