{"fc_failure_rate": [0.037588905418899914, 0.1750728939787817, 0.23551992774077002, 0.31944206804976855], "icm_failure_rate": [0.05429, 0.242822, 0.322959, 0.426296]}