{"fc_failure_rate": [0.017821842125179746, 0.08562085140370546, 0.11831159220944838, 0.1635844970208067], "icm_failure_rate": [0.025669, 0.122864, 0.168348, 0.230455]}