{"fc_failure_rate": [0.02083030170741172, 0.0999956780278314, 0.137649994290036, 0.18947171800054702], "icm_failure_rate": [0.030566, 0.142851, 0.195044, 0.265703]}