{"fc_failure_rate": [0.057034169684987125, 0.25519410787722674, 0.33802966050119043, 0.44448566775805387], "icm_failure_rate": [0.081018, 0.345265, 0.448936, 0.573429]}