{"fc_failure_rate": [0.0067474350709986804, 0.03417550559918068, 0.047625021207462974, 0.0670940553550942], "icm_failure_rate": [0.010486, 0.050877, 0.071351, 0.099998]}