{"fc_failure_rate": [0.03300071051243295, 0.15521596184509448, 0.21038448242577704, 0.2857919072555599], "icm_failure_rate": [0.047457, 0.216389, 0.290309, 0.386094]}