{"fc_failure_rate": [0.036128659233004, 0.16822226404523888, 0.2272498065127305, 0.3079136329159658], "icm_failure_rate": [0.052522, 0.233653, 0.311238, 0.41275]}