{"fc_failure_rate": [0.03493528411813357, 0.16166439364950622, 0.2179166300257276, 0.29674293788664996], "icm_failure_rate": [0.050417, 0.225048, 0.301763, 0.398603]}