{"fc_failure_rate": [0.02405054065380543, 0.11425485456484152, 0.15598701205432827, 0.21487706804581516], "icm_failure_rate": [0.034763, 0.162538, 0.21987, 0.297003]}