{"fc_failure_rate": [0.04673797043141404, 0.2132583931574799, 0.2854976601924743, 0.37921042097286245], "icm_failure_rate": [0.066935, 0.292375, 0.384334, 0.498433]}