{"fc_failure_rate": [0.02688121903155436, 0.12768973966637062, 0.17417719180973826, 0.23943790878087343], "icm_failure_rate": [0.039271, 0.179919, 0.243767, 0.328563]}