{"fc_failure_rate": [0.05290039157724028, 0.23679317448320125, 0.31593895789736404, 0.418185521483217], "icm_failure_rate": [0.075432, 0.324738, 0.421233, 0.541404]}