{"fc_failure_rate": [0.04374563085363411, 0.1995344815675648, 0.26771498760067186, 0.36118812716394433], "icm_failure_rate": [0.062097, 0.276257, 0.363979, 0.476265]}