{"fc_failure_rate": [0.019191894713671512, 0.09284426759888739, 0.1277978408965518, 0.1789651273716567], "icm_failure_rate": [0.027803, 0.132954, 0.181546, 0.249859]}