{"fc_failure_rate": [0.0493542132920161, 0.22486599644164318, 0.2992605558121833, 0.39924593144343146], "icm_failure_rate": [0.071351, 0.307614, 0.402533, 0.52001]}