{"fc_failure_rate": [0.054717128429322165, 0.241872777188138, 0.3231888565043502, 0.426973380037771], "icm_failure_rate": [0.077606, 0.330033, 0.430785, 0.551104]}