{"fc_failure_rate": [0.03925308724414843, 0.18081508557373688, 0.24327560838096635, 0.3296136797131767], "icm_failure_rate": [0.056506, 0.252119, 0.332365, 0.439601]}