{"fc_failure_rate": [0.011646449372252756, 0.05684786498245353, 0.07819415818509075, 0.10924466322533687], "icm_failure_rate": [0.017273, 0.082863, 0.114786, 0.15869]}