{"fc_failure_rate": [0.0760836620198918, 0.327893522525256, 0.4265597171710129, 0.5473420256623426], "icm_failure_rate": [0.078962, 0.339129, 0.437724, 0.561424]}