{"fc_failure_rate": [0.007696258607129673, 0.038176402499565554, 0.05289542714261609, 0.07426391777274333], "icm_failure_rate": [0.010564, 0.051915, 0.071141, 0.100718]}