{"fc_failure_rate": [0.014173843063195773, 0.06828680396643784, 0.09498190635540546, 0.13254325954068943], "icm_failure_rate": [0.017141, 0.082399, 0.113575, 0.158053]}