{"fc_failure_rate": [0.04678373723952166, 0.21167006232328076, 0.28462221638795504, 0.3808109130675899], "icm_failure_rate": [0.049788, 0.225502, 0.301073, 0.401246]}