{"fc_failure_rate": [0.07860770812571694, 0.3364038548672026, 0.4347714187571456, 0.5585697731545878], "icm_failure_rate": [0.081994, 0.346269, 0.447567, 0.572829]}