{"fc_failure_rate": [0.049060686317703696, 0.22187081244221424, 0.2942993765808568, 0.39343531519278135], "icm_failure_rate": [0.051794, 0.235259, 0.311332, 0.413296]}