{"fc_failure_rate": [0.05977192845113283, 0.2646830043067024, 0.3492048028696623, 0.4590126039313817], "icm_failure_rate": [0.063099, 0.275611, 0.364277, 0.476905]}