{"fc_failure_rate": [0.055005960910875354, 0.2481914805881341, 0.32829023622208775, 0.4341778671815328], "icm_failure_rate": [0.058048, 0.260334, 0.343741, 0.45175]}