{"fc_failure_rate": [0.08108064711980306, 0.34301650839672276, 0.4441311338244221, 0.5683436457891698], "icm_failure_rate": [0.083193, 0.353313, 0.456738, 0.58283]}