{"fc_failure_rate": [0.04230657285947991, 0.19521930204254148, 0.26275640756097834, 0.3508818486583088], "icm_failure_rate": [0.045681, 0.208346, 0.278948, 0.372889]}