{"fc_failure_rate": [0.033961555872059, 0.15768926549646403, 0.21283894688464317, 0.29129045398432163], "icm_failure_rate": [0.036877, 0.171059, 0.231505, 0.314762]}