{"fc_failure_rate": [0.0057203107145974265, 0.02739862397389756, 0.038589863107796475, 0.054753987749682494], "icm_failure_rate": [0.008283, 0.040334, 0.056429, 0.078843]}