{"fc_failure_rate": [0.022476319323311744, 0.10910699631215726, 0.14914062067310355, 0.20513971461003788], "icm_failure_rate": [0.026155, 0.122933, 0.167524, 0.231704]}