{"fc_failure_rate": [0.07260896312048339, 0.31313972754518765, 0.4080983210797761, 0.5276359605047969], "icm_failure_rate": [0.075363, 0.32383, 0.420979, 0.54307]}