{"fc_failure_rate": [0.06768155547147771, 0.29522175612934753, 0.3885531143981127, 0.5055830461929065], "icm_failure_rate": [0.070949, 0.307323, 0.40268, 0.52067]}