{"fc_failure_rate": [0.05285316569015317, 0.23811249423603695, 0.3180285503322668, 0.4221544037003481], "icm_failure_rate": [0.056253, 0.252036, 0.333371, 0.439976]}