{"fc_failure_rate": [0.016376942629522852, 0.07884546512668994, 0.1083915582419834, 0.1519248863223508], "icm_failure_rate": [0.019263, 0.09253, 0.127487, 0.177218]}