{"fc_failure_rate": [0.020602353895207804, 0.09924488143671109, 0.1363011830521474, 0.18803504748951416], "icm_failure_rate": [0.023761, 0.114034, 0.156258, 0.213841]}