{"fc_failure_rate": [0.010218301444407324, 0.0481283422459893, 0.06674748838827164, 0.0939304626043247], "icm_failure_rate": [0.012761, 0.061753, 0.085202, 0.120711]}