{"fc_failure_rate": [0.06373128546453397, 0.2803847743706386, 0.3705462598172809, 0.482226986052844], "icm_failure_rate": [0.066858, 0.291285, 0.38388, 0.499829]}