{"fc_failure_rate": [0.03141655007116173, 0.1484765140703855, 0.20109007752573937, 0.2737141192653798], "icm_failure_rate": [0.035013, 0.162582, 0.218871, 0.29871]}