{"fc_failure_rate": [0.01195012036417312, 0.058474156611008465, 0.0812201911858023, 0.11347570542236399], "icm_failure_rate": [0.015109, 0.071603, 0.099969, 0.139031]}