{"fc_failure_rate": [0.038047056273233085, 0.17605924954379562, 0.23930285824428874, 0.32208921613960734], "icm_failure_rate": [0.041274, 0.189193, 0.255589, 0.345248]}