{"fc_failure_rate": [0.04028309262231, 0.1857503329789704, 0.24976539014977084, 0.33646184310107097], "icm_failure_rate": [0.042786, 0.19846, 0.267407, 0.357475]}