{"fc_failure_rate": [0.027152050680883864, 0.1288103493042934, 0.17487556142234859, 0.24040330128301465], "icm_failure_rate": [0.030172, 0.142878, 0.193853, 0.26449]}