{"fc_failure_rate": [0.07409726947728043, 0.31958457486824543, 0.4176031748473335, 0.5363827648040466], "icm_failure_rate": [0.077013, 0.331408, 0.431135, 0.552114]}