{"fc_failure_rate": [0.02493404210266451, 0.11867443631373412, 0.16293566130297268, 0.2239755151434776], "icm_failure_rate": [0.028264, 0.133464, 0.182872, 0.249365]}