{"fc_failure_rate": [0.05726507478805117, 0.25605053645086107, 0.3383975817974253, 0.44594549773840075], "icm_failure_rate": [0.060226, 0.268502, 0.353541, 0.462835]}