{"fc_failure_rate": [0.018773990576877723, 0.0880731629630308, 0.122965908857957, 0.1683223289626611], "icm_failure_rate": [0.021592, 0.102715, 0.142863, 0.194459]}