{"fc_failure_rate": [0.029484756859388186, 0.1389043891233158, 0.18810361899763625, 0.2586264976072488], "icm_failure_rate": [0.032534, 0.15248, 0.206601, 0.282775]}