{"fc_failure_rate": [0.07001168149266193, 0.3034168671607492, 0.3969360059799254, 0.5155572827607648], "icm_failure_rate": [0.073205, 0.315055, 0.410446, 0.532636]}