{"fc_failure_rate": [0.035607430016149154, 0.16695452573521175, 0.22695732967970597, 0.30525391976856475], "icm_failure_rate": [0.038726, 0.180891, 0.244045, 0.328712]}