{"fc_failure_rate": [0.04438523068276478, 0.20381014811248446, 0.27341320951294945, 0.366632221447176], "icm_failure_rate": [0.047573, 0.218238, 0.28939, 0.386411]}