{"fc_failure_rate": [0.06191000400396985, 0.272862046248978, 0.3586556910698335, 0.4702091461119849], "icm_failure_rate": [0.064536, 0.284668, 0.373663, 0.486496]}