{"fc_failure_rate": [0.050799227121025824, 0.229610028365646, 0.3067335865047272, 0.4071764422957318], "icm_failure_rate": [0.054112, 0.24259, 0.321732, 0.425273]}