{"fc_failure_rate": [0.06582563767049952, 0.28796450608957164, 0.3788166070024067, 0.4924118114733452], "icm_failure_rate": [0.068909, 0.300497, 0.393313, 0.509218]}