{"fc_failure_rate": [0.4474944759571134], "icm_failure_rate": [0.464175], "averages": {"fc_failure_rate": 0.4474944759571134, "icm_failure_rate": 0.464175}}