{"fc_failure_rate": [0.47219016991008417], "icm_failure_rate": [0.488936], "averages": {"fc_failure_rate": 0.47219016991008417, "icm_failure_rate": 0.488936}}