{"fc_failure_rate": [0.4230964328034555], "icm_failure_rate": [0.439458], "averages": {"fc_failure_rate": 0.4230964328034555, "icm_failure_rate": 0.439458}}