{"fc_failure_rate": [0.565394016522149], "icm_failure_rate": [0.581895], "averages": {"fc_failure_rate": 0.565394016522149, "icm_failure_rate": 0.581895}}