{"fc_failure_rate": [0.5465268921671219], "icm_failure_rate": [0.56306], "averages": {"fc_failure_rate": 0.5465268921671219, "icm_failure_rate": 0.56306}}