{"fc_failure_rate": [0.1792806844390351], "icm_failure_rate": [0.19626], "averages": {"fc_failure_rate": 0.1792806844390351, "icm_failure_rate": 0.19626}}