{"fc_failure_rate": [0.23351764379846587], "icm_failure_rate": [0.249196], "averages": {"fc_failure_rate": 0.23351764379846587, "icm_failure_rate": 0.249196}}