{"fc_failure_rate": [0.4602173980430043], "icm_failure_rate": [0.475978], "averages": {"fc_failure_rate": 0.4602173980430043, "icm_failure_rate": 0.475978}}