{"fc_failure_rate": [0.3558805782034833], "icm_failure_rate": [0.372085], "averages": {"fc_failure_rate": 0.3558805782034833, "icm_failure_rate": 0.372085}}