{"fc_failure_rate": [0.2651508854030367], "icm_failure_rate": [0.282161], "averages": {"fc_failure_rate": 0.2651508854030367, "icm_failure_rate": 0.282161}}