{"fc_failure_rate": [0.34054026214817296], "icm_failure_rate": [0.35822], "averages": {"fc_failure_rate": 0.34054026214817296, "icm_failure_rate": 0.35822}}