{"fc_failure_rate": [0.31226716597840304], "icm_failure_rate": [0.328038], "averages": {"fc_failure_rate": 0.31226716597840304, "icm_failure_rate": 0.328038}}