{"fc_failure_rate": [0.5056524875921004], "icm_failure_rate": [0.521484], "averages": {"fc_failure_rate": 0.5056524875921004, "icm_failure_rate": 0.521484}}