{"fc_failure_rate": [0.12442371882576275], "icm_failure_rate": [0.139378], "averages": {"fc_failure_rate": 0.12442371882576275, "icm_failure_rate": 0.139378}}