{"fc_failure_rate": [0.2958246277999663], "icm_failure_rate": [0.3124], "averages": {"fc_failure_rate": 0.2958246277999663, "icm_failure_rate": 0.3124}}