{"fc_failure_rate": [0.24832221653182476], "icm_failure_rate": [0.266152], "averages": {"fc_failure_rate": 0.24832221653182476, "icm_failure_rate": 0.266152}}