{"fc_failure_rate": [0.06620485340491676], "icm_failure_rate": [0.079499], "averages": {"fc_failure_rate": 0.06620485340491676, "icm_failure_rate": 0.079499}}