{"fc_failure_rate": [0.49452944749285344], "icm_failure_rate": [0.511143], "averages": {"fc_failure_rate": 0.49452944749285344, "icm_failure_rate": 0.511143}}