{"fc_failure_rate": [0.40833265320248646], "icm_failure_rate": [0.424817], "averages": {"fc_failure_rate": 0.40833265320248646, "icm_failure_rate": 0.424817}}