{"fc_failure_rate": [0.5571711129737048], "icm_failure_rate": [0.572097], "averages": {"fc_failure_rate": 0.5571711129737048, "icm_failure_rate": 0.572097}}