{"fc_failure_rate": [0.43637650462365035], "icm_failure_rate": [0.452217], "averages": {"fc_failure_rate": 0.43637650462365035, "icm_failure_rate": 0.452217}}