{"fc_failure_rate": [0.10675425093604418], "icm_failure_rate": [0.119166], "averages": {"fc_failure_rate": 0.10675425093604418, "icm_failure_rate": 0.119166}}