{"fc_failure_rate": [0.2815943679894913], "icm_failure_rate": [0.298323], "averages": {"fc_failure_rate": 0.2815943679894913, "icm_failure_rate": 0.298323}}