{"fc_failure_rate": [0.5374417555989779], "icm_failure_rate": [0.552362], "averages": {"fc_failure_rate": 0.5374417555989779, "icm_failure_rate": 0.552362}}