{"fc_failure_rate": [0.21490094129293805], "icm_failure_rate": [0.231602], "averages": {"fc_failure_rate": 0.21490094129293805, "icm_failure_rate": 0.231602}}