{"fc_failure_rate": [0.48339993676561294], "icm_failure_rate": [0.498726], "averages": {"fc_failure_rate": 0.48339993676561294, "icm_failure_rate": 0.498726}}