{"fc_failure_rate": [0.5163290534568353], "icm_failure_rate": [0.531847], "averages": {"fc_failure_rate": 0.5163290534568353, "icm_failure_rate": 0.531847}}