{"fc_failure_rate": [0.14384284256632576], "icm_failure_rate": [0.158977], "averages": {"fc_failure_rate": 0.14384284256632576, "icm_failure_rate": 0.158977}}