{"fc_failure_rate": [0.19726665602710633], "icm_failure_rate": [0.214302], "averages": {"fc_failure_rate": 0.19726665602710633, "icm_failure_rate": 0.214302}}