{"fc_failure_rate": [0.5264729994579473], "icm_failure_rate": [0.542335], "averages": {"fc_failure_rate": 0.5264729994579473, "icm_failure_rate": 0.542335}}