{"fc_failure_rate": [0.383278749304826], "icm_failure_rate": [0.400542], "averages": {"fc_failure_rate": 0.383278749304826, "icm_failure_rate": 0.400542}}