{"fc_failure_rate": [0.3958477158199774], "icm_failure_rate": [0.413421], "averages": {"fc_failure_rate": 0.3958477158199774, "icm_failure_rate": 0.413421}}