{"fc_failure_rate": [0.325098691152023], "icm_failure_rate": [0.34281], "averages": {"fc_failure_rate": 0.325098691152023, "icm_failure_rate": 0.34281}}