{"fc_failure_rate": [0.16377398431517304], "icm_failure_rate": [0.178555], "averages": {"fc_failure_rate": 0.16377398431517304, "icm_failure_rate": 0.178555}}