{"fc_failure_rate": [0.3692096787649512], "icm_failure_rate": [0.385538], "averages": {"fc_failure_rate": 0.3692096787649512, "icm_failure_rate": 0.385538}}