{"fc_failure_rate": [0.08704614887566534], "icm_failure_rate": [0.100427], "averages": {"fc_failure_rate": 0.08704614887566534, "icm_failure_rate": 0.100427}}