{"fc_failure_rate": [0.27870871648925855], "icm_failure_rate": [0.451692], "averages": {"fc_failure_rate": 0.27870871648925855, "icm_failure_rate": 0.451692}}