{"fc_failure_rate": [0.12158176245245447], "icm_failure_rate": [0.214742], "averages": {"fc_failure_rate": 0.12158176245245447, "icm_failure_rate": 0.214742}}