{"fc_failure_rate": [0.06583249402864114], "icm_failure_rate": [0.120715], "averages": {"fc_failure_rate": 0.06583249402864114, "icm_failure_rate": 0.120715}}