{"fc_failure_rate": [0.26962979053779534], "icm_failure_rate": [0.439991], "averages": {"fc_failure_rate": 0.26962979053779534, "icm_failure_rate": 0.439991}}