{"fc_failure_rate": [0.09962052696716031], "icm_failure_rate": [0.178386], "averages": {"fc_failure_rate": 0.09962052696716031, "icm_failure_rate": 0.178386}}