{"fc_failure_rate": [0.19333637429309947], "icm_failure_rate": [0.328429], "averages": {"fc_failure_rate": 0.19333637429309947, "icm_failure_rate": 0.328429}}