{"fc_failure_rate": [0.1528132184042588], "icm_failure_rate": [0.264409], "averages": {"fc_failure_rate": 0.1528132184042588, "icm_failure_rate": 0.264409}}