{"fc_failure_rate": [0.11050693841762922], "icm_failure_rate": [0.195871], "averages": {"fc_failure_rate": 0.11050693841762922, "icm_failure_rate": 0.195871}}