{"fc_failure_rate": [0.08774893489453979], "icm_failure_rate": [0.158658], "averages": {"fc_failure_rate": 0.08774893489453979, "icm_failure_rate": 0.158658}}