{"fc_failure_rate": [0.1428075160753553], "icm_failure_rate": [0.249254], "averages": {"fc_failure_rate": 0.1428075160753553, "icm_failure_rate": 0.249254}}