{"fc_failure_rate": [0.07719619659025527], "icm_failure_rate": [0.139913], "averages": {"fc_failure_rate": 0.07719619659025527, "icm_failure_rate": 0.139913}}