{"fc_failure_rate": [0.3111493294666835], "icm_failure_rate": [0.498489], "averages": {"fc_failure_rate": 0.3111493294666835, "icm_failure_rate": 0.498489}}