{"large_fc_failure_rate": [0.4904815711595373], "large_icm_failure_rate": [0.500424], "small_icm_failure_rate": [0.489239], "error_mod": [0.95625], "averages": {"large_fc_failure_rate": 0.4904815711595373, "large_icm_failure_rate": 0.500424, "small_icm_failure_rate": 0.489239, "error_mod": 0.95625}}