{"fc_failure_rate": [0.0544643253750854], "icm_failure_rate": [0.100918], "averages": {"fc_failure_rate": 0.0544643253750854, "icm_failure_rate": 0.100918}}