{"large_fc_failure_rate": [0.5124055071324324], "large_icm_failure_rate": [0.521294], "small_icm_failure_rate": [0.510104], "error_mod": [0.95625], "averages": {"large_fc_failure_rate": 0.5124055071324324, "large_icm_failure_rate": 0.521294, "small_icm_failure_rate": 0.510104, "error_mod": 0.95625}}