{"fc_failure_rate": [0.18502580712417238], "icm_failure_rate": [0.313827], "averages": {"fc_failure_rate": 0.18502580712417238, "icm_failure_rate": 0.313827}}