{"fc_failure_rate": [0.22314512460449304], "icm_failure_rate": [0.372784], "averages": {"fc_failure_rate": 0.22314512460449304, "icm_failure_rate": 0.372784}}