{"fc_failure_rate": [0.26137686053717224], "icm_failure_rate": [0.427629], "averages": {"fc_failure_rate": 0.26137686053717224, "icm_failure_rate": 0.427629}}