{"large_fc_failure_rate": [0.2983442297936271], "large_icm_failure_rate": [0.311351], "small_icm_failure_rate": [0.298043], "error_mod": [0.9125], "averages": {"large_fc_failure_rate": 0.2983442297936271, "large_icm_failure_rate": 0.311351, "small_icm_failure_rate": 0.298043, "error_mod": 0.9125}}