{"fc_failure_rate": [0.2870395641863674], "icm_failure_rate": [0.46397], "averages": {"fc_failure_rate": 0.2870395641863674, "icm_failure_rate": 0.46397}}