{"fc_failure_rate": [0.20418416056548874], "icm_failure_rate": [0.343747], "averages": {"fc_failure_rate": 0.20418416056548874, "icm_failure_rate": 0.343747}}