{"large_fc_failure_rate": [0.43802081233767354], "large_icm_failure_rate": [0.452206], "small_icm_failure_rate": [0.440407], "error_mod": [0.9125], "averages": {"large_fc_failure_rate": 0.43802081233767354, "large_icm_failure_rate": 0.452206, "small_icm_failure_rate": 0.440407, "error_mod": 0.9125}}