{"large_fc_failure_rate": [0.1810406818867545], "large_icm_failure_rate": [0.196047], "small_icm_failure_rate": [0.176339], "error_mod": [0.825], "averages": {"large_fc_failure_rate": 0.1810406818867545, "large_icm_failure_rate": 0.196047, "small_icm_failure_rate": 0.176339, "error_mod": 0.825}}