{"large_fc_failure_rate": [0.5431249939219481], "large_icm_failure_rate": [0.553741], "small_icm_failure_rate": [0.542058], "error_mod": [0.95625], "averages": {"large_fc_failure_rate": 0.5431249939219481, "large_icm_failure_rate": 0.553741, "small_icm_failure_rate": 0.542058, "error_mod": 0.95625}}