{"large_fc_failure_rate": [0.4253100185177904], "large_icm_failure_rate": [0.439845], "small_icm_failure_rate": [0.426592], "error_mod": [0.9125], "averages": {"large_fc_failure_rate": 0.4253100185177904, "large_icm_failure_rate": 0.439845, "small_icm_failure_rate": 0.426592, "error_mod": 0.9125}}