{"fc_failure_rate": [0.17387798721191158], "icm_failure_rate": [0.296585], "averages": {"fc_failure_rate": 0.17387798721191158, "icm_failure_rate": 0.296585}}