{"fc_failure_rate": [0.21256470352313034], "icm_failure_rate": [0.357279], "averages": {"fc_failure_rate": 0.21256470352313034, "icm_failure_rate": 0.357279}}