{"large_fc_failure_rate": [0.08353128131869349], "large_icm_failure_rate": [0.099648], "small_icm_failure_rate": [0.079259], "error_mod": [0.65], "averages": {"large_fc_failure_rate": 0.08353128131869349, "large_icm_failure_rate": 0.099648, "small_icm_failure_rate": 0.079259, "error_mod": 0.65}}