{"large_fc_failure_rate": [0.35896611127783645], "large_icm_failure_rate": [0.372394], "small_icm_failure_rate": [0.358838], "error_mod": [0.9125], "averages": {"large_fc_failure_rate": 0.35896611127783645, "large_icm_failure_rate": 0.372394, "small_icm_failure_rate": 0.358838, "error_mod": 0.9125}}