{"large_fc_failure_rate": [0.2814595123995687], "large_icm_failure_rate": [0.298366], "small_icm_failure_rate": [0.280912], "error_mod": [0.8687499999999999], "averages": {"large_fc_failure_rate": 0.2814595123995687, "large_icm_failure_rate": 0.298366, "small_icm_failure_rate": 0.280912, "error_mod": 0.8687499999999999}}