{"large_fc_failure_rate": [0.5625369085996078], "large_icm_failure_rate": [0.57238], "small_icm_failure_rate": [0.562321], "error_mod": [0.95625], "averages": {"large_fc_failure_rate": 0.5625369085996078, "large_icm_failure_rate": 0.57238, "small_icm_failure_rate": 0.562321, "error_mod": 0.95625}}