{"fc_failure_rate": [0.33108849819658137], "icm_failure_rate": [0.52097], "averages": {"fc_failure_rate": 0.33108849819658137, "icm_failure_rate": 0.52097}}