{"fc_failure_rate": [0.3762525744228078], "icm_failure_rate": [0.580423], "averages": {"fc_failure_rate": 0.3762525744228078, "icm_failure_rate": 0.580423}}