{"fc_failure_rate": [0.2953644369912153], "icm_failure_rate": [0.476347], "averages": {"fc_failure_rate": 0.2953644369912153, "icm_failure_rate": 0.476347}}