{"fc_failure_rate": [0.3541400086308132], "icm_failure_rate": [0.552641], "averages": {"fc_failure_rate": 0.3541400086308132, "icm_failure_rate": 0.552641}}