{"large_fc_failure_rate": [0.1631340959343378], "large_icm_failure_rate": [0.177055], "small_icm_failure_rate": [0.159536], "error_mod": [0.825], "averages": {"large_fc_failure_rate": 0.1631340959343378, "large_icm_failure_rate": 0.177055, "small_icm_failure_rate": 0.159536, "error_mod": 0.825}}