{"large_fc_failure_rate": [0.5538785092194582], "large_icm_failure_rate": [0.562021], "small_icm_failure_rate": [0.5517], "error_mod": [0.95625], "averages": {"large_fc_failure_rate": 0.5538785092194582, "large_icm_failure_rate": 0.562021, "small_icm_failure_rate": 0.5517, "error_mod": 0.95625}}