{"fc_failure_rate": [0.3454670788832121], "icm_failure_rate": [0.541349], "averages": {"fc_failure_rate": 0.3454670788832121, "icm_failure_rate": 0.541349}}