{"fc_failure_rate": [0.16356684127970642], "icm_failure_rate": [0.282069], "averages": {"fc_failure_rate": 0.16356684127970642, "icm_failure_rate": 0.282069}}