{"large_fc_failure_rate": [0.3311217524326599], "large_icm_failure_rate": [0.343597], "small_icm_failure_rate": [0.328991], "error_mod": [0.9125], "averages": {"large_fc_failure_rate": 0.3311217524326599, "large_icm_failure_rate": 0.343597, "small_icm_failure_rate": 0.328991, "error_mod": 0.9125}}