{"fc_failure_rate": [0.33685922318676925], "icm_failure_rate": [0.532311], "averages": {"fc_failure_rate": 0.33685922318676925, "icm_failure_rate": 0.532311}}