{"fc_failure_rate": [0.304418051188048], "icm_failure_rate": [0.487847], "averages": {"fc_failure_rate": 0.304418051188048, "icm_failure_rate": 0.487847}}