{"fc_failure_rate": [0.042256804863641355], "icm_failure_rate": [0.079078], "averages": {"fc_failure_rate": 0.042256804863641355, "icm_failure_rate": 0.079078}}