{"fc_failure_rate": [0.32144708333393157], "icm_failure_rate": [0.510178], "averages": {"fc_failure_rate": 0.32144708333393157, "icm_failure_rate": 0.510178}}