{"fc_failure_rate": [0.13305398495275972], "icm_failure_rate": [0.232028], "averages": {"fc_failure_rate": 0.13305398495275972, "icm_failure_rate": 0.232028}}