{"fc_failure_rate": [0.23317827073161354], "icm_failure_rate": [0.386664], "averages": {"fc_failure_rate": 0.23317827073161354, "icm_failure_rate": 0.386664}}