{"fc_failure_rate": [0.3602784246721107], "icm_failure_rate": [0.560725], "averages": {"fc_failure_rate": 0.3602784246721107, "icm_failure_rate": 0.560725}}