{"fc_failure_rate": [0.2507138006706711], "icm_failure_rate": [0.412705], "averages": {"fc_failure_rate": 0.2507138006706711, "icm_failure_rate": 0.412705}}