{"fc_failure_rate": [0.36967426063763514], "icm_failure_rate": [0.572036], "averages": {"fc_failure_rate": 0.36967426063763514, "icm_failure_rate": 0.572036}}