{"large_fc_failure_rate": [0.40016276210141577], "large_icm_failure_rate": [0.412943], "small_icm_failure_rate": [0.399905], "error_mod": [0.9125], "averages": {"large_fc_failure_rate": 0.40016276210141577, "large_icm_failure_rate": 0.412943, "small_icm_failure_rate": 0.399905, "error_mod": 0.9125}}