{"fc_failure_rate": [0.24208142153458762], "icm_failure_rate": [0.400393], "averages": {"fc_failure_rate": 0.24208142153458762, "icm_failure_rate": 0.400393}}