{"large_fc_failure_rate": [0.032683751307630536, 0.15221935458925992, 0.20690665087309387, 0.281486020525644], "large_icm_failure_rate": [0.034499, 0.162336, 0.218201, 0.297823], "small_icm_failure_rate": [0.032793, 0.152187, 0.206666, 0.281429], "error_mod": [0.875, 0.875, 0.875, 0.8671875]}