{"large_fc_failure_rate": [0.03040359283173723, 0.14263582704612, 0.1937169968786608, 0.26612319666339995], "large_icm_failure_rate": [0.032495, 0.152792, 0.207129, 0.282518], "small_icm_failure_rate": [0.030532, 0.142912, 0.193724, 0.265988], "error_mod": [0.875, 0.86328125, 0.851318359375, 0.875]}