{"large_fc_failure_rate": [0.013100458856292059, 0.06209184447814757, 0.08597799273815793, 0.12015294969454011], "large_icm_failure_rate": [0.015006, 0.073, 0.100075, 0.139854], "small_icm_failure_rate": [0.012788, 0.061978, 0.085496, 0.12026], "error_mod": [0.75, 0.6875, 0.6875, 0.6796875]}