{"large_fc_failure_rate": [0.010875314363764219, 0.051543664378103746, 0.0711658952221227, 0.10002640022744812], "large_icm_failure_rate": [0.01277, 0.062679, 0.086039, 0.120707], "small_icm_failure_rate": [0.010435, 0.051454, 0.071614, 0.100048], "error_mod": [0.75, 0.625, 0.625, 0.623046875]}