{"large_fc_failure_rate": [0.04729502634899899, 0.2166985189669567, 0.2893679237658607, 0.38682935688813913], "large_icm_failure_rate": [0.049599, 0.225173, 0.302363, 0.399442], "small_icm_failure_rate": [0.047663, 0.216935, 0.289471, 0.387113], "error_mod": [0.90625, 0.90625, 0.90234375, 0.921875]}