{"large_fc_failure_rate": [0.03895609543887829, 0.18091775404653404, 0.24377575543552193, 0.32747013945344255], "large_icm_failure_rate": [0.041528, 0.190099, 0.255043, 0.34422], "small_icm_failure_rate": [0.039018, 0.180875, 0.24419, 0.327203], "error_mod": [0.875, 0.890625, 0.8984375, 0.875]}