{"large_fc_failure_rate": [0.043706148402904973, 0.19887429160558245, 0.267162283440265, 0.3572054882287764], "large_icm_failure_rate": [0.045504, 0.207601, 0.278647, 0.371497], "small_icm_failure_rate": [0.043454, 0.19843, 0.266696, 0.35732], "error_mod": [0.90625, 0.90625, 0.90625, 0.8984375]}