{"large_fc_failure_rate": [0.006289441212762207, 0.02962403603957733, 0.04198418373829558, 0.0589007049903777], "large_icm_failure_rate": [0.008223, 0.040833, 0.056872, 0.07968], "small_icm_failure_rate": [0.006163, 0.029925, 0.042214, 0.058973], "error_mod": [0.5, 0.40625, 0.4375, 0.46875]}