{"large_fc_failure_rate": [0.027576447564804703, 0.13391357945971222, 0.18034292521237313, 0.2491396300893126], "large_icm_failure_rate": [0.030174, 0.142829, 0.194525, 0.265709], "small_icm_failure_rate": [0.027874, 0.133962, 0.180706, 0.249182], "error_mod": [0.8125, 0.875, 0.828125, 0.84375]}