{"large_fc_failure_rate": [0.02218779070841984, 0.10239220385737219, 0.14068001027651436, 0.1962910978386354], "large_icm_failure_rate": [0.02385, 0.11346, 0.154541, 0.214498], "small_icm_failure_rate": [0.021734, 0.102624, 0.140624, 0.196295], "error_mod": [0.875, 0.78125, 0.796875, 0.81298828125]}