{"large_fc_failure_rate": [0.034344412511974676, 0.1618809622537885, 0.21792489092659886, 0.2991921480030523], "large_icm_failure_rate": [0.03686, 0.171638, 0.231284, 0.311934], "small_icm_failure_rate": [0.0347, 0.162012, 0.21805, 0.298989], "error_mod": [0.875, 0.8828125, 0.859375, 0.8984451293945312]}