{"large_fc_failure_rate": [0.01704883798709509, 0.08322187858543476, 0.11415889619103327, 0.1578901378434861], "large_icm_failure_rate": [0.019472, 0.093196, 0.128432, 0.177582], "small_icm_failure_rate": [0.017276, 0.082751, 0.113883, 0.157726], "error_mod": [0.75, 0.78125, 0.75, 0.732666015625]}