{"large_fc_failure_rate": [0.04202135258230954, 0.1906760973315794, 0.2551678225152512, 0.34416412853548484], "large_icm_failure_rate": [0.043449, 0.198684, 0.268174, 0.358039], "small_icm_failure_rate": [0.041523, 0.190247, 0.255577, 0.344103], "error_mod": [0.9375, 0.90625, 0.890625, 0.904296875]}