{"large_fc_failure_rate": [0.019021169726810252, 0.09366318754901774, 0.1284614889420798, 0.17709786102404912], "large_icm_failure_rate": [0.021457, 0.103486, 0.140404, 0.196072], "small_icm_failure_rate": [0.019216, 0.093241, 0.128377, 0.177171], "error_mod": [0.75, 0.7890625, 0.796875, 0.78125]}