{"large_fc_failure_rate": [0.0238390032438142, 0.11227304555305087, 0.15533702756120332, 0.21497869110403012], "large_icm_failure_rate": [0.026026, 0.123655, 0.1674, 0.232071], "small_icm_failure_rate": [0.023887, 0.112579, 0.155093, 0.215282], "error_mod": [0.8125, 0.8125, 0.828125, 0.828125]}