{"large_fc_failure_rate": [0.025743444946613243, 0.1237323740739708, 0.16724779531106326, 0.23205990141608007], "large_icm_failure_rate": [0.028168, 0.132634, 0.180767, 0.249232], "small_icm_failure_rate": [0.025803, 0.124129, 0.167681, 0.232059], "error_mod": [0.8125, 0.84375, 0.84375, 0.8421630859375]}