{"large_fc_failure_rate": [0.015221242179527226, 0.0730763276048924, 0.1002190827884496, 0.13914801862173967], "large_icm_failure_rate": [0.017027, 0.082752, 0.114318, 0.15839], "small_icm_failure_rate": [0.014953, 0.072993, 0.100232, 0.138993], "error_mod": [0.75, 0.732421875, 0.734375, 0.71875]}