{"large_fc_failure_rate": [0.06022143453683169, 0.2685318377714987, 0.3526961005690262, 0.46373814346283004], "large_icm_failure_rate": [0.062866, 0.277256, 0.363369, 0.476956], "small_icm_failure_rate": [0.060349, 0.26859, 0.35312, 0.463808], "error_mod": [0.9375, 0.9453125, 0.9375, 0.9375]}