{"large_fc_failure_rate": [0.03703893031101894, 0.17125923397856802, 0.23139084355033673, 0.3134921062308541], "large_icm_failure_rate": [0.039271, 0.181781, 0.243293, 0.327818], "small_icm_failure_rate": [0.036912, 0.170868, 0.231543, 0.313594], "error_mod": [0.875, 0.875, 0.890625, 0.8984375]}