{"large_fc_failure_rate": [0.00793676425468697, 0.040309315721209354, 0.05612627342203668, 0.08061543339961552], "large_icm_failure_rate": [0.010715, 0.051363, 0.070276, 0.100851], "small_icm_failure_rate": [0.008165, 0.040462, 0.056515, 0.080638], "error_mod": [0.5, 0.53125, 0.5625, 0.5625]}