{"large_fc_failure_rate": [0.045861521774911686, 0.20857901001171933, 0.2774698298151731, 0.3728920275674296], "large_icm_failure_rate": [0.047649, 0.216604, 0.289586, 0.387449], "small_icm_failure_rate": [0.045562, 0.208764, 0.277432, 0.372612], "error_mod": [0.9375, 0.921875, 0.921875, 0.9140625]}