{"large_fc_failure_rate": [0.1039248064595119], "large_icm_failure_rate": [0.121291], "small_icm_failure_rate": [0.100295], "error_mod": [0.475], "averages": {"large_fc_failure_rate": 0.1039248064595119, "large_icm_failure_rate": 0.121291, "small_icm_failure_rate": 0.100295, "error_mod": 0.475}}