{"large_fc_failure_rate": [0.06334459018618173], "large_icm_failure_rate": [0.079469], "small_icm_failure_rate": [0.058817], "error_mod": [0.475], "averages": {"large_fc_failure_rate": 0.06334459018618173, "large_icm_failure_rate": 0.079469, "small_icm_failure_rate": 0.058817, "error_mod": 0.475}}