{"large_fc_failure_rate": [0.48951743663415415], "large_icm_failure_rate": [0.498692], "small_icm_failure_rate": [0.489738], "error_mod": [0.65], "averages": {"large_fc_failure_rate": 0.48951743663415415, "large_icm_failure_rate": 0.498692, "small_icm_failure_rate": 0.489738, "error_mod": 0.65}}