{"large_fc_failure_rate": [0.20000147045231112], "large_icm_failure_rate": [0.214297], "small_icm_failure_rate": [0.195101], "error_mod": [0.65], "averages": {"large_fc_failure_rate": 0.20000147045231112, "large_icm_failure_rate": 0.214297, "small_icm_failure_rate": 0.195101, "error_mod": 0.65}}