{"large_fc_failure_rate": [0.30030571533292094], "large_icm_failure_rate": [0.313306], "small_icm_failure_rate": [0.298306], "error_mod": [0.65], "averages": {"large_fc_failure_rate": 0.30030571533292094, "large_icm_failure_rate": 0.313306, "small_icm_failure_rate": 0.298306, "error_mod": 0.65}}