{"large_fc_failure_rate": [0.45412768423627686], "large_icm_failure_rate": [0.463751], "small_icm_failure_rate": [0.451113], "error_mod": [0.65], "averages": {"large_fc_failure_rate": 0.45412768423627686, "large_icm_failure_rate": 0.463751, "small_icm_failure_rate": 0.451113, "error_mod": 0.65}}