{"fc_failure_rate": [0.3369276399240584], "icm_failure_rate": [0.357629], "averages": {"fc_failure_rate": 0.3369276399240584, "icm_failure_rate": 0.357629}}