{"fc_failure_rate": [0.20668276163040808], "icm_failure_rate": [0.231259], "averages": {"fc_failure_rate": 0.20668276163040808, "icm_failure_rate": 0.231259}}