{"fc_failure_rate": [0.4709092849674571], "icm_failure_rate": [0.48781], "averages": {"fc_failure_rate": 0.4709092849674571, "icm_failure_rate": 0.48781}}