{"fc_failure_rate": [0.5056132250048466], "icm_failure_rate": [0.521619], "averages": {"fc_failure_rate": 0.5056132250048466, "icm_failure_rate": 0.521619}}