{"large_fc_failure_rate": [0.47869803964406055], "large_icm_failure_rate": [0.487746], "small_icm_failure_rate": [0.476248], "error_mod": [0.65], "averages": {"large_fc_failure_rate": 0.47869803964406055, "large_icm_failure_rate": 0.487746, "small_icm_failure_rate": 0.476248, "error_mod": 0.65}}