{"fc_failure_rate": [0.17062523819781603], "icm_failure_rate": [0.195958], "averages": {"fc_failure_rate": 0.17062523819781603, "icm_failure_rate": 0.195958}}