{"fc_failure_rate": [0.49307954531316744], "icm_failure_rate": [0.511127], "averages": {"fc_failure_rate": 0.49307954531316744, "icm_failure_rate": 0.511127}}