{"fc_failure_rate": [0.4829197649310166], "icm_failure_rate": [0.499498], "averages": {"fc_failure_rate": 0.4829197649310166, "icm_failure_rate": 0.499498}}