{"fc_failure_rate": [0.2915353582039593], "icm_failure_rate": [0.312715], "averages": {"fc_failure_rate": 0.2915353582039593, "icm_failure_rate": 0.312715}}