{"large_fc_failure_rate": [0.21673103997094015], "large_icm_failure_rate": [0.231434], "small_icm_failure_rate": [0.214876], "error_mod": [0.65], "averages": {"large_fc_failure_rate": 0.21673103997094015, "large_icm_failure_rate": 0.231434, "small_icm_failure_rate": 0.214876, "error_mod": 0.65}}