{"fc_failure_rate": [0.3056753800778557], "icm_failure_rate": [0.328206], "averages": {"fc_failure_rate": 0.3056753800778557, "icm_failure_rate": 0.328206}}