{"fc_failure_rate": [0.3938068548608542], "icm_failure_rate": [0.412702], "averages": {"fc_failure_rate": 0.3938068548608542, "icm_failure_rate": 0.412702}}