{"large_fc_failure_rate": [0.08324112299135573], "large_icm_failure_rate": [0.099752], "small_icm_failure_rate": [0.079787], "error_mod": [0.475], "averages": {"large_fc_failure_rate": 0.08324112299135573, "large_icm_failure_rate": 0.099752, "small_icm_failure_rate": 0.079787, "error_mod": 0.475}}