{"fc_failure_rate": [0.2737155154005469], "icm_failure_rate": [0.297927], "averages": {"fc_failure_rate": 0.2737155154005469, "icm_failure_rate": 0.297927}}