{"fc_failure_rate": [0.07480266588197639], "icm_failure_rate": [0.100515], "averages": {"fc_failure_rate": 0.07480266588197639, "icm_failure_rate": 0.100515}}