{"fc_failure_rate": [0.5577901738980824], "icm_failure_rate": [0.57161], "averages": {"fc_failure_rate": 0.5577901738980824, "icm_failure_rate": 0.57161}}