{"fc_failure_rate": [0.5269421545847057], "icm_failure_rate": [0.540335], "averages": {"fc_failure_rate": 0.5269421545847057, "icm_failure_rate": 0.540335}}