{"fc_failure_rate": [0.45806647546531476], "icm_failure_rate": [0.47524], "averages": {"fc_failure_rate": 0.45806647546531476, "icm_failure_rate": 0.47524}}