{"fc_failure_rate": [0.4453735942648703], "icm_failure_rate": [0.463681], "averages": {"fc_failure_rate": 0.4453735942648703, "icm_failure_rate": 0.463681}}