{"fc_failure_rate": [0.09407321006646162], "icm_failure_rate": [0.119921], "averages": {"fc_failure_rate": 0.09407321006646162, "icm_failure_rate": 0.119921}}