{"fc_failure_rate": [0.2225823834196891], "icm_failure_rate": [0.248068], "averages": {"fc_failure_rate": 0.2225823834196891, "icm_failure_rate": 0.248068}}