{"fc_failure_rate": [0.41989001799875036], "icm_failure_rate": [0.438839], "averages": {"fc_failure_rate": 0.41989001799875036, "icm_failure_rate": 0.438839}}