{"large_fc_failure_rate": [0.28477502727689913], "large_icm_failure_rate": [0.297031], "small_icm_failure_rate": [0.281579], "error_mod": [0.65], "averages": {"large_fc_failure_rate": 0.28477502727689913, "large_icm_failure_rate": 0.297031, "small_icm_failure_rate": 0.281579, "error_mod": 0.65}}