{"fc_failure_rate": [0.3226986526018116], "icm_failure_rate": [0.344121], "averages": {"fc_failure_rate": 0.3226986526018116, "icm_failure_rate": 0.344121}}