{"fc_failure_rate": [0.13228737128066556], "icm_failure_rate": [0.158354], "averages": {"fc_failure_rate": 0.13228737128066556, "icm_failure_rate": 0.158354}}