{"fc_failure_rate": [0.05476960721609923], "icm_failure_rate": [0.080253], "averages": {"fc_failure_rate": 0.05476960721609923, "icm_failure_rate": 0.080253}}