{"fc_failure_rate": [0.51559414770936], "icm_failure_rate": [0.531464], "averages": {"fc_failure_rate": 0.51559414770936, "icm_failure_rate": 0.531464}}