{"fc_failure_rate": [0.5361777729865994], "icm_failure_rate": [0.551027], "averages": {"fc_failure_rate": 0.5361777729865994, "icm_failure_rate": 0.551027}}