{"fc_failure_rate": [0.18861482200164192], "icm_failure_rate": [0.214058], "averages": {"fc_failure_rate": 0.18861482200164192, "icm_failure_rate": 0.214058}}