{"fc_failure_rate": [0.35296726894353164], "icm_failure_rate": [0.373836], "averages": {"fc_failure_rate": 0.35296726894353164, "icm_failure_rate": 0.373836}}