{"fc_failure_rate": [0.5473561262360205], "icm_failure_rate": [0.561901], "averages": {"fc_failure_rate": 0.5473561262360205, "icm_failure_rate": 0.561901}}