{"fc_failure_rate": [0.5682007084657302], "icm_failure_rate": [0.582261], "averages": {"fc_failure_rate": 0.5682007084657302, "icm_failure_rate": 0.582261}}