{"large_fc_failure_rate": [0.32874579010053523], "large_icm_failure_rate": [0.344193], "small_icm_failure_rate": [0.327611], "error_mod": [0.475], "averages": {"large_fc_failure_rate": 0.32874579010053523, "large_icm_failure_rate": 0.344193, "small_icm_failure_rate": 0.327611, "error_mod": 0.475}}