{"fc_failure_rate": [0.15278496631623403], "icm_failure_rate": [0.178974], "averages": {"fc_failure_rate": 0.15278496631623403, "icm_failure_rate": 0.178974}}