{"fc_failure_rate": [0.40773707705354123], "icm_failure_rate": [0.427057], "averages": {"fc_failure_rate": 0.40773707705354123, "icm_failure_rate": 0.427057}}