{"fc_failure_rate": [0.11369192648330238], "icm_failure_rate": [0.139712], "averages": {"fc_failure_rate": 0.11369192648330238, "icm_failure_rate": 0.139712}}