{"fc_failure_rate": [0.23969438116538946], "icm_failure_rate": [0.265206], "averages": {"fc_failure_rate": 0.23969438116538946, "icm_failure_rate": 0.265206}}