{"fc_failure_rate": [0.3651627508743415], "icm_failure_rate": [0.38586], "averages": {"fc_failure_rate": 0.3651627508743415, "icm_failure_rate": 0.38586}}