{"fc_failure_rate": [0.4324081416864922], "icm_failure_rate": [0.450143], "averages": {"fc_failure_rate": 0.4324081416864922, "icm_failure_rate": 0.450143}}