{"fc_failure_rate": [0.2578930018286387], "icm_failure_rate": [0.282216], "averages": {"fc_failure_rate": 0.2578930018286387, "icm_failure_rate": 0.282216}}