{"fc_failure_rate": [0.37964117796473984], "icm_failure_rate": [0.39892], "averages": {"fc_failure_rate": 0.37964117796473984, "icm_failure_rate": 0.39892}}