{"fc_failure_rate": [0.01164491358104609, 0.05730076394670887, 0.07942430011682748, 0.1101582847783476], "icm_failure_rate": [0.021797, 0.104489, 0.141861, 0.194954]}