{"fc_failure_rate": [0.027402025674968446, 0.12866731850792854, 0.1769592850740735, 0.24125781628900364], "icm_failure_rate": [0.049876, 0.225059, 0.300658, 0.399831]}