{"fc_failure_rate": [0.017846862991991442, 0.0858607293264993, 0.11800609574030568, 0.16444199122764416], "icm_failure_rate": [0.032692, 0.153363, 0.207737, 0.2823]}