{"fc_failure_rate": [0.024775692685154654, 0.1191228785588281, 0.16169281964654816, 0.22289172657357811], "icm_failure_rate": [0.045305, 0.208127, 0.278238, 0.372138]}