{"fc_failure_rate": [0.04162622735268387, 0.19134047884526706, 0.2562794193267671, 0.344341409289206], "icm_failure_rate": [0.075163, 0.322662, 0.420401, 0.541847]}