{"fc_failure_rate": [0.009045244385066669, 0.045386130411908004, 0.06171880908026768, 0.08812623369173116], "icm_failure_rate": [0.01719, 0.082858, 0.113105, 0.157953]}