{"fc_failure_rate": [0.037905624297429476, 0.1760234737902767, 0.23736725706511577, 0.3200012060509298], "icm_failure_rate": [0.068511, 0.300437, 0.392675, 0.508954]}