{"fc_failure_rate": [0.029867636740732204, 0.13971379911125031, 0.1892563202238632, 0.2600175730595971], "icm_failure_rate": [0.054481, 0.242131, 0.32072, 0.426707]}