{"fc_failure_rate": [0.0331802408549515, 0.15477469476796976, 0.21034831504110918, 0.2883023271778678], "icm_failure_rate": [0.059794, 0.267493, 0.352597, 0.463801]}