{"fc_failure_rate": [0.016391227533686138, 0.08047313973354511, 0.11001010240982705, 0.15282136890915965], "icm_failure_rate": [0.030149, 0.143443, 0.194136, 0.26426]}