{"fc_failure_rate": [0.04076016639941471, 0.18557485505182994, 0.2511509915077171, 0.3370591599321971], "icm_failure_rate": [0.073367, 0.314945, 0.413684, 0.529787]}