{"fc_failure_rate": [0.03234751700669753, 0.15073440745836883, 0.20416818876966608, 0.2788273377099779], "icm_failure_rate": [0.058466, 0.257761, 0.344172, 0.452443]}