{"fc_failure_rate": [0.019157564141993273, 0.09160993564283854, 0.12505863099328002, 0.17352934128866843], "icm_failure_rate": [0.034746, 0.162565, 0.219317, 0.296367]}