{"fc_failure_rate": [0.030875797637643657, 0.1456072402298824, 0.19672652797452383, 0.26944942264766486], "icm_failure_rate": [0.05662, 0.251634, 0.332803, 0.43875]}