{"fc_failure_rate": [0.022469177434765505, 0.10759960183760407, 0.14636726059718494, 0.2038734075199157], "icm_failure_rate": [0.041358, 0.190074, 0.255638, 0.345073]}