{"fc_failure_rate": [0.028553753954952334, 0.13470365630587422, 0.1827244332713006, 0.2503435143055499], "icm_failure_rate": [0.051775, 0.23481, 0.311586, 0.412495]}