{"fc_failure_rate": [0.042389350485422736, 0.1967813884442071, 0.26319206194851547, 0.35326796256775245], "icm_failure_rate": [0.077572, 0.331243, 0.429253, 0.551343]}