{"fc_failure_rate": [0.045353303413004906, 0.20556236022195884, 0.2755668765709035, 0.36923768936486395], "icm_failure_rate": [0.080952, 0.346263, 0.448443, 0.572434]}