{"fc_failure_rate": [0.004342275360324481, 0.0216060552158152, 0.029952010761473264, 0.04208085690709833], "icm_failure_rate": [0.008258, 0.040582, 0.056747, 0.079742]}