{"fc_failure_rate": [0.010379521784368592, 0.05146721024529371, 0.07087340285516143, 0.09890455219421515], "icm_failure_rate": [0.019206, 0.094305, 0.127308, 0.17766]}