{"fc_failure_rate": [0.036773440517999384, 0.1706011934704815, 0.22994134664821547, 0.31319300376602405], "icm_failure_rate": [0.066758, 0.292554, 0.382423, 0.499284]}