{"fc_failure_rate": [0.019999673874050158, 0.09676830120414315, 0.13203718700102027, 0.18379436584910827], "icm_failure_rate": [0.03689, 0.170695, 0.231721, 0.31227]}