{"fc_failure_rate": [0.02386589687600677, 0.1125011051683829, 0.15497343449732823, 0.21333081031496792], "icm_failure_rate": [0.043266, 0.198589, 0.266597, 0.357586]}