{"fc_failure_rate": [0.007873611006122912, 0.03930965269436168, 0.054429709792023426, 0.0770953454070444], "icm_failure_rate": [0.014925, 0.073041, 0.099903, 0.139871]}