{"fc_failure_rate": [0.035857616291337574, 0.16627675737687045, 0.22576371659987804, 0.3045993774013518], "icm_failure_rate": [0.064499, 0.284542, 0.374878, 0.487933]}