{"fc_failure_rate": [0.02602437061377652, 0.12392079037450358, 0.1685107304873447, 0.2326275383217953], "icm_failure_rate": [0.04758, 0.217082, 0.289056, 0.386773]}