{"fc_failure_rate": [0.02135474659353826, 0.10212543982350576, 0.14032169183342671, 0.194219925215181], "icm_failure_rate": [0.039125, 0.180411, 0.243712, 0.328637]}