{"fc_failure_rate": [0.044046834185951414, 0.20008531529054666, 0.2703486346705255, 0.3616604752459609], "icm_failure_rate": [0.079423, 0.338333, 0.44003, 0.562133]}