{"fc_failure_rate": [0.005364995690907866, 0.027995327256573103, 0.037806556159621904, 0.053990836213979584], "icm_failure_rate": [0.010378, 0.052216, 0.07153, 0.099458]}