{"fc_failure_rate": [0.013921616918372662, 0.06824240764434783, 0.09430863204000053, 0.13331913339127827], "icm_failure_rate": [0.026222, 0.124063, 0.168105, 0.233528]}