{"fc_failure_rate": [0.0394347918624148, 0.18110312201841391, 0.24482636897145127, 0.32902621314797464], "icm_failure_rate": [0.070678, 0.308343, 0.40312, 0.520091]}