{"fc_failure_rate": [0.006751342012959033, 0.0335864570537557, 0.04651601582399889, 0.06491280592770002], "icm_failure_rate": [0.012648, 0.062406, 0.085078, 0.118816]}