{"fc_failure_rate": [0.04631947267705023, 0.2103611184229403, 0.2809777920491127, 0.3771320297575598], "icm_failure_rate": [0.083914, 0.353861, 0.457431, 0.581539]}