{"fc_failure_rate": [0.03436281586395826, 0.1614224155687932, 0.21759950867062935, 0.29462031112122405], "icm_failure_rate": [0.063097, 0.275538, 0.363008, 0.475598]}