{"fc_failure_rate": [0.012565423824902054, 0.06265502809792828, 0.08612904633103569, 0.1214298412784687], "icm_failure_rate": [0.023642, 0.113824, 0.155236, 0.214304]}