{"fc_failure_rate": [0.015253071312902558, 0.07381911261696975, 0.10173750351912074, 0.1420450204543718], "icm_failure_rate": [0.02817, 0.132779, 0.180736, 0.248125]}