{"large_fc_failure_rate": [0.06660843792846731, 0.29363133232253275, 0.3841507998563006, 0.49922967029888793], "large_icm_failure_rate": [0.069369, 0.300816, 0.392136, 0.511356], "small_icm_failure_rate": [0.066728, 0.293457, 0.384594, 0.49907], "error_mod": [0.75, 0.875, 0.875, 0.75]}