{"large_fc_failure_rate": [0.04591796141291923, 0.20777811631420878, 0.27734176630811136, 0.3717567735494127], "large_icm_failure_rate": [0.048307, 0.216832, 0.288904, 0.385805], "small_icm_failure_rate": [0.045505, 0.207339, 0.277054, 0.371694], "error_mod": [0.75, 0.75, 0.6875, 0.6875]}