{"large_fc_failure_rate": [0.0604422559870573, 0.26769121505652116, 0.35477253656829383, 0.4650371250306986], "large_icm_failure_rate": [0.062439, 0.275626, 0.366114, 0.474448], "small_icm_failure_rate": [0.060396, 0.268047, 0.354824, 0.464557], "error_mod": [0.75, 0.75, 0.75, 0.8828125]}