{"large_fc_failure_rate": [0.05656873103338527, 0.25115898836872386, 0.3333301835087786, 0.4389168441851793], "large_icm_failure_rate": [0.058567, 0.260027, 0.344068, 0.452153], "small_icm_failure_rate": [0.056576, 0.251416, 0.33334, 0.438627], "error_mod": [0.75, 0.685546875, 0.75, 0.71875]}