{"large_fc_failure_rate": [0.07753875071975347, 0.33071227550145293, 0.4289647018012911, 0.5537125979754904], "large_icm_failure_rate": [0.079601, 0.338263, 0.438692, 0.562983], "small_icm_failure_rate": [0.077517, 0.330729, 0.428958, 0.553255], "error_mod": [0.875, 0.75, 0.75, 0.875]}