{"large_fc_failure_rate": [0.015240508465721163, 0.07248295952075152, 0.10016000956142132, 0.13917627450141365], "large_icm_failure_rate": [0.017032, 0.083353, 0.114756, 0.158853], "small_icm_failure_rate": [0.014945, 0.072052, 0.099959, 0.139009], "error_mod": [0.5, 0.375, 0.375, 0.375]}