{"large_fc_failure_rate": [0.017466218150443108, 0.08230166344317719, 0.11470348320991143, 0.1593498705050408], "large_icm_failure_rate": [0.019501, 0.092663, 0.128879, 0.177093], "small_icm_failure_rate": [0.01739, 0.082298, 0.114462, 0.159752], "error_mod": [0.5, 0.375, 0.4375, 0.4375]}