{"large_fc_failure_rate": [0.012997335501061283, 0.06214941187728932, 0.0852942322002177, 0.1210541275666973], "large_icm_failure_rate": [0.015325, 0.073159, 0.099296, 0.13937], "small_icm_failure_rate": [0.012678, 0.062246, 0.085718, 0.120688], "error_mod": [0.25, 0.25, 0.25, 0.3125]}