{"large_fc_failure_rate": [0.023525888526883428, 0.11398372614578285, 0.15524310017413562, 0.21372321001036607], "large_icm_failure_rate": [0.025896, 0.122595, 0.168227, 0.232131], "small_icm_failure_rate": [0.023687, 0.113727, 0.155136, 0.214147], "error_mod": [0.5, 0.625, 0.5625, 0.546875]}