{"large_fc_failure_rate": [0.03431983970193573, 0.16266738591715804, 0.2192690717579004, 0.29669165172705464], "large_icm_failure_rate": [0.037158, 0.171321, 0.230593, 0.313469], "small_icm_failure_rate": [0.034191, 0.162462, 0.218973, 0.296731], "error_mod": [0.5, 0.75, 0.625, 0.6171875]}