{"large_fc_failure_rate": [0.0815265996436778, 0.3461110161114749, 0.4480071603094883, 0.5724323914526768], "large_icm_failure_rate": [0.083297, 0.353617, 0.455708, 0.582338], "small_icm_failure_rate": [0.081179, 0.346013, 0.447824, 0.57251], "error_mod": [0.875, 0.875, 0.875, 0.75]}