{"large_fc_failure_rate": [0.039335586027658416, 0.18186063667443972, 0.24314150876356963, 0.3282067184123371], "large_icm_failure_rate": [0.041217, 0.190838, 0.254701, 0.343062], "small_icm_failure_rate": [0.039177, 0.181836, 0.243635, 0.328546], "error_mod": [0.75, 0.734375, 0.65625, 0.6875]}