{"large_fc_failure_rate": [0.00852768085204574, 0.04025823666693026, 0.05692022717878848, 0.07988459731885078], "large_icm_failure_rate": [0.01037, 0.051068, 0.0715, 0.100461], "small_icm_failure_rate": [0.008323, 0.040599, 0.057051, 0.079895], "error_mod": [0.25, 0.0625, 0.125, 0.0625]}