{"large_fc_failure_rate": [0.051325873095435084, 0.23507456502011742, 0.31225912905480324, 0.4122973624383951], "large_icm_failure_rate": [0.054086, 0.243014, 0.322371, 0.427082], "small_icm_failure_rate": [0.051668, 0.234681, 0.311887, 0.412317], "error_mod": [0.5, 0.75, 0.75, 0.625]}