{"large_fc_failure_rate": [0.07280761537592954, 0.315914536325187, 0.4117595355742736, 0.5312859115648101], "large_icm_failure_rate": [0.075018, 0.323492, 0.420025, 0.542475], "small_icm_failure_rate": [0.072663, 0.316344, 0.412153, 0.530897], "error_mod": [0.75, 0.8125, 0.8125, 0.75]}