{"large_fc_failure_rate": [0.025827313326169967, 0.12343892851316117, 0.1680955271625068, 0.23227286673927874], "large_icm_failure_rate": [0.028162, 0.133384, 0.181902, 0.247512], "small_icm_failure_rate": [0.025898, 0.123398, 0.167865, 0.232726], "error_mod": [0.5, 0.5546875, 0.5, 0.625]}