{"large_fc_failure_rate": [0.027947362917561513, 0.13209202082427182, 0.18242647472656665, 0.24877027601119173], "large_icm_failure_rate": [0.030209, 0.14211, 0.194131, 0.26497], "small_icm_failure_rate": [0.028172, 0.132509, 0.182243, 0.248482], "error_mod": [0.5, 0.53125, 0.6875, 0.625]}