{"large_fc_failure_rate": [0.06860441449411461, 0.300098722831757, 0.3922228526733878, 0.5117270719737688], "large_icm_failure_rate": [0.07096, 0.307376, 0.403542, 0.52041], "small_icm_failure_rate": [0.068747, 0.300287, 0.391863, 0.51168], "error_mod": [0.75, 0.75, 0.6875, 0.859375]}