{"large_fc_failure_rate": [0.021891633299564218, 0.1034100070362294, 0.141222600758501, 0.1969003998090024], "large_icm_failure_rate": [0.02364, 0.112845, 0.154551, 0.21378], "small_icm_failure_rate": [0.021631, 0.103371, 0.14168, 0.197065], "error_mod": [0.5, 0.5, 0.5625, 0.5859375]}