{"large_fc_failure_rate": [0.030321128267310954, 0.14231690005478786, 0.1955725511916611, 0.2663034007302155], "large_icm_failure_rate": [0.032354, 0.153204, 0.207336, 0.282074], "small_icm_failure_rate": [0.030479, 0.142415, 0.195381, 0.266152], "error_mod": [0.5, 0.5, 0.625, 0.75]}