{"large_fc_failure_rate": [0.019522000801654744, 0.0932393574912536, 0.1273514658883499, 0.17878951196412593], "large_icm_failure_rate": [0.02146, 0.103355, 0.141443, 0.195698], "small_icm_failure_rate": [0.01937, 0.093182, 0.127195, 0.179002], "error_mod": [0.5, 0.375, 0.375, 0.5]}