{"large_fc_failure_rate": [0.06221575166493708, 0.27644313385491565, 0.36437069267485683, 0.4757063060731539], "large_icm_failure_rate": [0.064471, 0.284239, 0.373378, 0.487267], "small_icm_failure_rate": [0.062465, 0.276342, 0.364753, 0.475984], "error_mod": [0.75, 0.75, 0.8125, 0.75]}