{"large_fc_failure_rate": [0.07098012931316867, 0.3077511733189351, 0.40229846337501673, 0.5195517764381866], "large_icm_failure_rate": [0.073319, 0.314801, 0.412372, 0.532388], "small_icm_failure_rate": [0.071313, 0.307785, 0.402237, 0.520023], "error_mod": [0.875, 0.75, 0.6875, 0.625]}