{"large_fc_failure_rate": [0.03230201367250146, 0.15208343841712416, 0.2060468365883905, 0.2823405640787428], "large_icm_failure_rate": [0.034525, 0.161227, 0.218737, 0.296953], "small_icm_failure_rate": [0.032679, 0.152333, 0.206463, 0.282195], "error_mod": [0.5, 0.625, 0.625, 0.6875]}