{"large_fc_failure_rate": [0.03610585821195783, 0.17215491690401735, 0.23125500794480736, 0.31307403647014], "large_icm_failure_rate": [0.039076, 0.180633, 0.243549, 0.328775], "small_icm_failure_rate": [0.036578, 0.17202, 0.231157, 0.31294], "error_mod": [0.5, 0.75, 0.625, 0.625]}