{"large_fc_failure_rate": [0.0542872451209662, 0.24261973024752695, 0.32243351513103913, 0.42619888387085003], "large_icm_failure_rate": [0.056471, 0.251801, 0.333667, 0.438947], "small_icm_failure_rate": [0.053953, 0.242228, 0.321969, 0.426535], "error_mod": [0.75, 0.75, 0.6875, 0.75]}