{"large_fc_failure_rate": [0.04142054125444435, 0.1881847772534905, 0.2563189516213444, 0.3446671129289002], "large_icm_failure_rate": [0.043652, 0.198607, 0.267277, 0.357832], "small_icm_failure_rate": [0.041338, 0.188558, 0.256784, 0.344298], "error_mod": [0.75, 0.5625, 0.75, 0.75]}