{"large_fc_failure_rate": [0.04341616450958032, 0.1989280930829603, 0.2679609373691352, 0.35872200233995966], "large_icm_failure_rate": [0.045263, 0.207945, 0.277798, 0.371697], "small_icm_failure_rate": [0.043501, 0.198937, 0.2682, 0.358621], "error_mod": [0.75, 0.625, 0.75, 0.708984375]}