{"large_fc_failure_rate": [0.05828615880066182, 0.2600262278332757, 0.34289833445044454, 0.4515767112967735], "large_icm_failure_rate": [0.06046, 0.268513, 0.353014, 0.463809], "small_icm_failure_rate": [0.058596, 0.260148, 0.343311, 0.451699], "error_mod": [0.75, 0.75, 0.75, 0.75]}