{"large_fc_failure_rate": [0.04966473233978355, 0.22519467340429938, 0.30044403594256913, 0.40113334449294585], "large_icm_failure_rate": [0.051612, 0.233758, 0.31192, 0.413376], "small_icm_failure_rate": [0.049562, 0.225659, 0.300339, 0.401244], "error_mod": [0.75, 0.75, 0.6875, 0.765625]}