{"large_fc_failure_rate": [0.07506928448390623, 0.3239462576293634, 0.42047549394448025, 0.541817165718816], "large_icm_failure_rate": [0.077573, 0.330808, 0.430348, 0.552849], "small_icm_failure_rate": [0.075357, 0.323604, 0.42019, 0.541721], "error_mod": [0.875, 0.78125, 0.75, 0.75]}