{"large_fc_failure_rate": [0.07952804739694945, 0.33877724213283067, 0.43878162925358927, 0.5626366448541243], "large_icm_failure_rate": [0.081151, 0.345373, 0.447541, 0.571939], "small_icm_failure_rate": [0.079787, 0.339174, 0.43848, 0.562461], "error_mod": [0.875, 0.875, 0.75, 0.8125]}