{"large_fc_failure_rate": [0.01109992542504213, 0.05154490604718192, 0.0706325505563984, 0.09962855114367147], "large_icm_failure_rate": [0.01276, 0.062043, 0.085769, 0.120556], "small_icm_failure_rate": [0.010715, 0.051649, 0.070952, 0.099717], "error_mod": [0.5, 0.125, 0.0625, 0.0625]}