{"large_fc_failure_rate": [0.04691062041227961, 0.2164873669221981, 0.28923643536929583, 0.3855253389179516], "large_icm_failure_rate": [0.04965, 0.225659, 0.30092, 0.398245], "small_icm_failure_rate": [0.047369, 0.216454, 0.289446, 0.385531], "error_mod": [0.5, 0.703125, 0.6875, 0.75]}