{"large_fc_failure_rate": [0.06486756067826666, 0.2849891255667123, 0.3747426363117343, 0.4859679473446807], "large_icm_failure_rate": [0.06663, 0.293123, 0.38391, 0.499326], "small_icm_failure_rate": [0.064537, 0.284656, 0.374468, 0.486124], "error_mod": [0.75, 0.796875, 0.8125, 0.6953125]}