{"fc_failure_rate": [0.055708589777358666, 0.2501460347834835, 0.3305460432102609, 0.4389642858648588], "icm_failure_rate": [0.060117, 0.269079, 0.352175, 0.464324]}