{"fc_failure_rate": [0.04560123093374284, 0.20874202349545648, 0.27872800413138893, 0.3718348945717641], "icm_failure_rate": [0.050037, 0.226613, 0.299693, 0.400077]}