{"fc_failure_rate": [0.07043291736768059, 0.3061465088718438, 0.40057993736925934, 0.5193006247368722], "icm_failure_rate": [0.074999, 0.32263, 0.421362, 0.5436]}