{"fc_failure_rate": [0.06875129426382273, 0.29915957586609065, 0.3925884193663521, 0.5099541518514301], "icm_failure_rate": [0.073158, 0.314955, 0.412729, 0.532761]}