{"fc_failure_rate": [0.04136915405293548, 0.19101425991209714, 0.2571540106764102, 0.3448300768880491], "icm_failure_rate": [0.045209, 0.20837, 0.277921, 0.371213]}