{"fc_failure_rate": [0.0786121017199383, 0.33609498973762036, 0.4358068560569044, 0.5597500901371459], "icm_failure_rate": [0.083946, 0.35363, 0.456044, 0.581255]}