{"fc_failure_rate": [0.03728109612932847, 0.1727794180102644, 0.23222765947338306, 0.31574738032179384], "icm_failure_rate": [0.041128, 0.18946, 0.256246, 0.342838]}