{"fc_failure_rate": [0.05204014574335744, 0.23415997441983447, 0.3114086568418612, 0.4123757586326805], "icm_failure_rate": [0.056623, 0.25025, 0.332918, 0.43916]}