{"fc_failure_rate": [0.020688796688828812, 0.09720317720211691, 0.13425144471555156, 0.18586214925100095], "icm_failure_rate": [0.023749, 0.113365, 0.155845, 0.214206]}