{"fc_failure_rate": [0.05816145079949377, 0.2583459452577453, 0.3432191473044397, 0.45058238798042266], "icm_failure_rate": [0.062598, 0.276325, 0.36435, 0.475332]}