{"fc_failure_rate": [0.024609518531681255, 0.11784680710470445, 0.1614050346354793, 0.22192192067326683], "icm_failure_rate": [0.028091, 0.13329, 0.182003, 0.248334]}