{"fc_failure_rate": [0.03108511172483053, 0.1460357648616671, 0.19866597843187558, 0.26933287436174264], "icm_failure_rate": [0.03479, 0.162071, 0.220522, 0.296568]}