{"fc_failure_rate": [0.06638570302572104, 0.2902842555568562, 0.38128027081973404, 0.49747687132043733], "icm_failure_rate": [0.070882, 0.307626, 0.402091, 0.520863]}