{"fc_failure_rate": [0.006271587713020486, 0.030440676594367107, 0.04284073818137474, 0.060452521473227674], "icm_failure_rate": [0.008301, 0.040431, 0.056252, 0.079752]}