{"fc_failure_rate": [0.010376244136539661, 0.0503613898376914, 0.06992353276388129, 0.09822060032894737], "icm_failure_rate": [0.012707, 0.062013, 0.086092, 0.120476]}