{"fc_failure_rate": [0.03263830847370451, 0.15292831434081705, 0.20840562647168173, 0.2846682847049314], "icm_failure_rate": [0.036937, 0.170164, 0.231288, 0.314387]}