{"fc_failure_rate": [0.02249797950895793, 0.1071998123827392, 0.14796364092328373, 0.2029524403045868], "icm_failure_rate": [0.025973, 0.122338, 0.16953, 0.230663]}