{"fc_failure_rate": [0.0163145789598327, 0.07925659801817807, 0.1087391731093539, 0.1519889863053402], "icm_failure_rate": [0.018943, 0.093668, 0.127829, 0.178078]}