{"fc_failure_rate": [0.012392483471339625, 0.05974195552911098, 0.08258013225001813, 0.11547917375656137], "icm_failure_rate": [0.015019, 0.072616, 0.099816, 0.139658]}