{"fc_failure_rate": [0.07424710152942714, 0.32037898413083654, 0.4183881031613977, 0.5387974098057354], "icm_failure_rate": [0.07936, 0.338286, 0.438199, 0.563049]}