{"fc_failure_rate": [0.039646758402597376, 0.18105151978188092, 0.2455492348948658, 0.330228288324312], "icm_failure_rate": [0.043142, 0.197767, 0.267075, 0.35759]}