{"fc_failure_rate": [0.014190489762575243, 0.06879550407763317, 0.09466551565589694, 0.1336446006873677], "icm_failure_rate": [0.017212, 0.083278, 0.113293, 0.159517]}