{"fc_failure_rate": [0.018190266210521774, 0.08896775782644717, 0.12216775230608676, 0.17005200240329832], "icm_failure_rate": [0.021616, 0.104047, 0.141362, 0.196247]}