{"fc_failure_rate": [0.047674651129839894, 0.21738569004107533, 0.28848275819236874, 0.38791205556244784], "icm_failure_rate": [0.051669, 0.234956, 0.311127, 0.414435]}