{"fc_failure_rate": [0.02889598749966108, 0.134596934620843, 0.18476452923366113, 0.25166625627584943], "icm_failure_rate": [0.032885, 0.152229, 0.205483, 0.281112]}