{"fc_failure_rate": [0.06195860981908508, 0.2765137825672701, 0.3614972429855639, 0.47598509579618], "icm_failure_rate": [0.066738, 0.293123, 0.381843, 0.499973]}