{"fc_failure_rate": [0.06013259812914998, 0.26695740015275826, 0.35305907862791686, 0.462275902187338], "icm_failure_rate": [0.064502, 0.283223, 0.374845, 0.486764]}