{"fc_failure_rate": [0.04318151210167781, 0.19955246813923713, 0.26603995299647476, 0.35808168985085226], "icm_failure_rate": [0.047491, 0.216699, 0.289177, 0.38697]}