{"fc_failure_rate": [0.07231234782818577, 0.31351390811003105, 0.4094016836197096, 0.5289306081891745], "icm_failure_rate": [0.077386, 0.330375, 0.430507, 0.551738]}