{"fc_failure_rate": [0.05450456289927253, 0.24319288474921263, 0.32231556390627186, 0.42486956795864006], "icm_failure_rate": [0.058414, 0.260317, 0.342113, 0.450357]}