{"fc_failure_rate": [0.06424285316479365, 0.2838064930065443, 0.37211713497547577, 0.48539817085831793], "icm_failure_rate": [0.06904, 0.299901, 0.393416, 0.509014]}