{"fc_failure_rate": [0.034656703132425054, 0.16400528557347552, 0.22069538236527508, 0.2993233541776413], "icm_failure_rate": [0.039302, 0.180044, 0.24293, 0.328813]}