{"fc_failure_rate": [0.0759978998992193, 0.32873404586809707, 0.42840248134002346, 0.5515380344253192], "icm_failure_rate": [0.081882, 0.346008, 0.448219, 0.57316]}