{"fc_failure_rate": [0.026611509324623858, 0.1264248535311854, 0.17203109144573162, 0.23609586153056156], "icm_failure_rate": [0.030384, 0.143042, 0.194321, 0.265799]}