{"fc_failure_rate": [0.008133056850177681, 0.04069972512101973, 0.0555862341594821, 0.07835698297636405], "icm_failure_rate": [0.010543, 0.051859, 0.071104, 0.099577]}