{"fc_failure_rate": [0.04964412847153128, 0.2259297829857196, 0.30144637360976384, 0.4009387717788433], "icm_failure_rate": [0.054017, 0.242125, 0.322481, 0.427297]}