{"fc_failure_rate": [0.035000954361431746, 0.16365820859779723, 0.22016422877214575, 0.2992953654918571], "icm_failure_rate": [0.038673, 0.181428, 0.242914, 0.328221]}