{"fc_failure_rate": [0.006261139435154203, 0.031131924642244947, 0.04329011809815016, 0.0606716505738657], "icm_failure_rate": [0.008464, 0.041031, 0.056201, 0.079884]}