{"fc_failure_rate": [0.024837018674201006, 0.11769961052351392, 0.16076169917508287, 0.220140593153363], "icm_failure_rate": [0.028029, 0.133074, 0.18217, 0.248477]}