{"fc_failure_rate": [0.03079195523141914, 0.1458609418695777, 0.19708099151069974, 0.2683228621327864], "icm_failure_rate": [0.034738, 0.162062, 0.218831, 0.29713]}