{"fc_failure_rate": [0.07226042066778346, 0.3136678350159208, 0.40780904293662956, 0.5286984126984127], "icm_failure_rate": [0.07693, 0.32983, 0.428921, 0.552412]}