{"fc_failure_rate": [0.008323089479478536, 0.04031559440424819, 0.05545838405549811, 0.07891270801784346], "icm_failure_rate": [0.010354, 0.051463, 0.070753, 0.099826]}