{"fc_failure_rate": [0.02024975602703582, 0.09777787744941636, 0.133883776150058, 0.18553176716620207], "icm_failure_rate": [0.023734, 0.114365, 0.154824, 0.213601]}