{"fc_failure_rate": [0.05843960650859317, 0.25852527984605256, 0.34057958983767, 0.45070239964590203], "icm_failure_rate": [0.062326, 0.276628, 0.362809, 0.475512]}