{"fc_failure_rate": [0.04757707834409819, 0.21698185735797454, 0.29031837282324113, 0.3867767067184725], "icm_failure_rate": [0.051824, 0.234522, 0.31158, 0.413764]}