{"fc_failure_rate": [0.07056933261476339, 0.306886398440047, 0.3987794873181267, 0.5178115851163597], "icm_failure_rate": [0.075128, 0.324695, 0.421472, 0.54153]}