{"fc_failure_rate": [0.037021371930667055, 0.17190266165921347, 0.23299528927915952, 0.3161368115747859], "icm_failure_rate": [0.041067, 0.189622, 0.255123, 0.343147]}