{"fc_failure_rate": [0.010119606285948067, 0.0499412158190258, 0.07002215174711329, 0.09871039087037312], "icm_failure_rate": [0.012552, 0.061298, 0.086204, 0.120802]}