{"fc_failure_rate": [0.07444886121951931, 0.32098643517904185, 0.4175321156548411, 0.5381255136480994], "icm_failure_rate": [0.079222, 0.338369, 0.437105, 0.561014]}