{"fc_failure_rate": [0.05184935045095568, 0.23404305467453826, 0.311987616868393, 0.41340790926501597], "icm_failure_rate": [0.056768, 0.25047, 0.333329, 0.439696]}