{"fc_failure_rate": [0.06247059769606562, 0.27488206627280154, 0.362637031964181, 0.47323916331123567], "icm_failure_rate": [0.067066, 0.292163, 0.384305, 0.499306]}