{"fc_failure_rate": [0.018079978165150133, 0.08918461698190412, 0.12268035636122834, 0.16956907815321873], "icm_failure_rate": [0.021483, 0.103396, 0.141417, 0.19611]}