{"fc_failure_rate": [0.026441221309647912, 0.12632395970035692, 0.17144626136692598, 0.2347094641687082], "icm_failure_rate": [0.030537, 0.143847, 0.193766, 0.264021]}