{"fc_failure_rate": [0.05645561831529968, 0.24920209816349081, 0.3326236344262074, 0.4370366701165004], "icm_failure_rate": [0.060558, 0.267688, 0.35425, 0.462705]}