{"fc_failure_rate": [0.016446747783081167, 0.07830230047726942, 0.10966337039504022, 0.15170694900009213], "icm_failure_rate": [0.01943, 0.0933, 0.12875, 0.176987]}