{"fc_failure_rate": [0.0497585842301832, 0.2257041946678559, 0.3004789085686139, 0.4002291915692795], "icm_failure_rate": [0.054417, 0.242279, 0.323157, 0.425984]}