{"fc_failure_rate": [0.041744062574403044, 0.19145576905957387, 0.2571432998156268, 0.3462946479994136], "icm_failure_rate": [0.04566, 0.207537, 0.279032, 0.373266]}