{"fc_failure_rate": [0.045380997366887096, 0.2069318998399826, 0.2781443382195409, 0.3728332622726671], "icm_failure_rate": [0.049836, 0.225794, 0.300945, 0.400778]}