{"fc_failure_rate": [0.06667470933301163, 0.2890348090383812, 0.38278938216166636, 0.4986780239937591], "icm_failure_rate": [0.071375, 0.306576, 0.402934, 0.520997]}