{"fc_failure_rate": [0.03939723308246507, 0.18142768708144252, 0.2438404719413048, 0.3310397537507983], "icm_failure_rate": [0.043131, 0.198243, 0.267433, 0.358149]}