{"fc_failure_rate": [0.06007673819449121, 0.26711839349513367, 0.3519392324392392, 0.4625230387915818], "icm_failure_rate": [0.064692, 0.283512, 0.373271, 0.487453]}