{"fc_failure_rate": [0.03292119887329377, 0.15360196484764754, 0.2088498316776472, 0.28348115206485597], "icm_failure_rate": [0.036907, 0.171047, 0.231674, 0.313348]}