{"fc_failure_rate": [0.05489920973841869, 0.24336114470798056, 0.32078929260633154, 0.4271158161935901], "icm_failure_rate": [0.058392, 0.259396, 0.342765, 0.451774]}