{"fc_failure_rate": [0.06415193339344248, 0.2845357607388982, 0.3722559289982812, 0.48557454119978494], "icm_failure_rate": [0.069063, 0.301835, 0.392971, 0.508345]}