{"fc_failure_rate": [0.07891767176524545, 0.33639093414503723, 0.43679739792220595, 0.5580628374147473], "icm_failure_rate": [0.083516, 0.352517, 0.45754, 0.580461]}