{"fc_failure_rate": [0.06912767127363673, 0.2999008419198482, 0.390757553902335, 0.5098521388638261], "icm_failure_rate": [0.073233, 0.315829, 0.411794, 0.532685]}