{"fc_failure_rate": [0.01442575906564187, 0.06919366108724904, 0.09612432316731581, 0.13342589393052162], "icm_failure_rate": [0.017141, 0.08317, 0.115445, 0.159348]}