{"fc_failure_rate": [0.07684386457845185, 0.32917236152119206, 0.42687676354328463, 0.5505668469100975], "icm_failure_rate": [0.081233, 0.346146, 0.447643, 0.572198]}