{"fc_failure_rate": [0.01223009675138055, 0.059605608171372976, 0.08287114428064038, 0.11594122202184119], "icm_failure_rate": [0.014917, 0.072435, 0.100295, 0.140567]}