{"fc_failure_rate": [0.022225323155134542, 0.10872407519214138, 0.14750934029508653, 0.20291377121353757], "icm_failure_rate": [0.026009, 0.123974, 0.168072, 0.230295]}