{"fc_failure_rate": [0.04373243768014568, 0.1984060600469469, 0.2664527481627161, 0.35755806622449754], "icm_failure_rate": [0.047626, 0.215977, 0.28831, 0.386764]}