{"fc_failure_rate": [0.028827971145918382, 0.13543499775813836, 0.1849510756958976, 0.25195508750549095], "icm_failure_rate": [0.032637, 0.15259, 0.206234, 0.281323]}